#, name,sourceZones, destZones, sourceNetworks, destNetworks, sourcePorts,destPorts, URL, APP, VLAN, Action, Enable, ipsPolicy, variableSet, filePolicy, logBegin, logEnd, sendEventsToFMC, syslogConfig, TimeRangeObject, Comments
1, wc-195.33.161.12 in, outside, DMZ1550;DMZ1554;DMZ1556, EU-NETS, WC-NETS, Any, Any, ['Any'], ['Any'], [], ALLOW, True, NULL, Default-Set, NULL, False, True, True, True, NULL, ['Not Applicable']
2, wc-195.33.161.12 out, DMZ1550;DMZ1554;DMZ1556, outside, WC-NETS, EU-NETS, Any, Any, ['Any'], ['Any'], [], ALLOW, True, NULL, Default-Set, NULL, False, True, True, True, NULL, ['Not Applicable']
3, wc-203.163.125.4 in, outside, DMZ1550;DMZ1554;DMZ1556, PR-NETS, WC-NETS, Any, Any, ['Any'], ['Any'], [], ALLOW, True, NULL, Default-Set, NULL, False, True, True, True, NULL, ['Not Applicable']
4, wc-203.163.125.4 out, DMZ1550;DMZ1554;DMZ1556, outside, WC-NETS, PR-NETS, Any, Any, ['Any'], ['Any'], [], ALLOW, True, NULL, Default-Set, NULL, False, True, True, True, NULL, ['Not Applicable']
5, wc-211.144.223.252 in, outside, DMZ1550;DMZ1554;DMZ1556, SH-NETS, WC-NETS, Any, Any, ['Any'], ['Any'], [], ALLOW, True, NULL, Default-Set, NULL, False, True, True, True, NULL, ['Not Applicable']
6, wc-211.144.223.252 out, DMZ1550;DMZ1554;DMZ1556, outside, WC-NETS, SH-NETS, Any, Any, ['Any'], ['Any'], [], ALLOW, True, NULL, Default-Set, NULL, False, True, True, True, NULL, ['Not Applicable']
7, wc-63.240.21.171 in, outside, DMZ1550;DMZ1554;DMZ1556;outside_mng;Inside1558, EC-NETS;OBJ-10.20.200.0;oradb0303dr;oradb0403dr;ec-cntmsvc0103p;EC-DMZ2064, WC-NETS;OBJ-10.15.48.0;OBJ-10.15.58.0, Any, Any, ['Any'], ['Any'], [], ALLOW, True, NULL, Default-Set, NULL, False, True, True, True, NULL, ['Not Applicable']
8, wc-63.240.21.171 out, DMZ1550;DMZ1554;DMZ1556;outside_mng;Inside1558, outside, WC-NETS;OBJ-10.15.48.0;OBJ-10.15.58.0, EC-NETS;OBJ-10.20.200.0;oradb0303dr;oradb0403dr;ec-cntmsvc0103p;EC-DMZ2064, Any, Any, ['Any'], ['Any'], [], ALLOW, True, NULL, Default-Set, NULL, False, True, True, True, NULL, ['Not Applicable']
9, wc-52.151.234.119 in, outside, DMZ1550;DMZ1554;DMZ1556;outside_mng;Inside1558, OBJ-10.204.221.57;OBJ-10.204.221.58;wolterskluwercdi;NET_10.232.124.0_22;OBJ-10.204.245.17;WKUTILDCNACP02;WKUTILDCNACP03;net-Azure_East_US2;hst-azr-10.224.12.1, WC-NETS;OBJ-10.198.156.0, Any, Any, ['Any'], ['Any'], [], ALLOW, True, NULL, Default-Set, NULL, False, True, True, True, NULL, ['Not Applicable']
10, wc-52.151.234.119 out, DMZ1550;DMZ1554;DMZ1556;outside_mng;Inside1558, outside, OBJ-10.198.156.0;WC-NETS, OBJ-10.204.221.57;OBJ-10.204.221.58;wolterskluwercdi;NET_10.232.124.0_22;OBJ-10.204.245.17;WKUTILDCNACP02;WKUTILDCNACP03;net-Azure_East_US2;hst-azr-10.224.12.1, Any, Any, ['Any'], ['Any'], [], ALLOW, True, NULL, Default-Set, NULL, False, True, True, True, NULL, ['Not Applicable']
11, wc-198.52.89.254 in, outside, DMZ1550;DMZ1554;DMZ1556;outside_mng;Inside1558, redwood-agent01q.utd.com;redwood-agent02q.utd.com;redwood-agent06q;redwood-agent07q;redwood-agent08q;redwood-agent09q;redwood-agent10q;redwood-agent11q;redwood-agent12q;irtest02q.utd.com;NET_10.1.10.0_24;NET_10.1.30.0_24;NET_10.1.31.0_24;NET_10.1.101.0_24;NET_10.1.254.0_24;OBJ-10.2.0.0;OBJ-10.29.254.0;OBJ-10.30.254.0;OBJ-10.31.254.0;OBJ-10.71.0.0;IPv4-Private-192.168.0.0-16;HOST_10.1.110.154;HOST_10.1.120.2;osnode01d;osnode02d;osnode03d;prodmon_agent01;prodmon_agent02;prodmon_agent03;HOST_10.1.110.101;osmaster01d;cdb01pch;ASA_RSAIPOOL;NET_10.1.113.192_26;HOST_10.1.111.10;wdb01qa;edex01q;HOST_10.1.110.199;HOST_10.1.110.153;OBJ-10.1.112.13;OBJ-10.1.112.12;OBJ-10.1.112.23;OBJ-10.1.110.210;IRTEST01Q, NET_10.15.0.0_16, Any, Any, ['Any'], ['Any'], [], ALLOW, True, NULL, Default-Set, NULL, False, True, True, True, NULL, ['Not Applicable']
12, wc-198.52.89.254 out, DMZ1550;DMZ1554;DMZ1556;outside_mng;Inside1558, outside, NET_10.15.0.0_16, redwood-agent01q.utd.com;redwood-agent02q.utd.com;redwood-agent06q;redwood-agent07q;redwood-agent08q;redwood-agent09q;redwood-agent10q;redwood-agent11q;redwood-agent12q;irtest02q.utd.com;NET_10.1.10.0_24;NET_10.1.30.0_24;NET_10.1.31.0_24;NET_10.1.101.0_24;NET_10.1.254.0_24;OBJ-10.2.0.0;OBJ-10.29.254.0;OBJ-10.30.254.0;OBJ-10.31.254.0;OBJ-10.71.0.0;IPv4-Private-192.168.0.0-16;HOST_10.1.110.154;HOST_10.1.120.2;osnode01d;osnode02d;osnode03d;prodmon_agent01;prodmon_agent02;prodmon_agent03;HOST_10.1.110.101;osmaster01d;cdb01pch;ASA_RSAIPOOL;NET_10.1.113.192_26;HOST_10.1.111.10;wdb01qa;edex01q;HOST_10.1.110.199;HOST_10.1.110.153;OBJ-10.1.112.13;OBJ-10.1.112.12;OBJ-10.1.112.23;OBJ-10.1.110.210;IRTEST01Q, Any, Any, ['Any'], ['Any'], [], ALLOW, True, NULL, Default-Set, NULL, False, True, True, True, NULL, ['Not Applicable']
13, outside-in_#1, outside, Any, BlockOut-WC_MIG, any, Any, Any, ['Any'], ['Any'], [], BLOCK, True, NULL, Default-Set, NULL, True, False, True, True, NULL, [[{'user': {'name': 'plesogor', 'type': 'User'}, 'date': '2022-06-10T04:32:36.000+0000', 'comment': ' Block List from outside INET inbound SA 12.24.18'}]]
14, outside-in_#2, outside, Any, any, WebServers-INET-WC_MIG, Any, 443, ['Any'], ['Any'], [], ALLOW, True, FTD-IPS, FTD-IPS, NULL, True, False, True, True, NULL, ['Not Applicable']
15, outside-in_#3, outside, Any, any, WebServers-INET-Mule-WC_MIG, Any, 443, ['Any'], ['Any'], [], ALLOW, True, FTD-IPS, FTD-IPS, NULL, True, False, True, True, NULL, [[{'user': {'name': 'plesogor', 'type': 'User'}, 'date': '2022-06-10T04:32:36.000+0000', 'comment': ' Mule https'}]]
16, outside-in_#4, outside, Any, any, WebServers-INET-Lexi_MobileEdge-WC_MIG, Any, 443, ['Any'], ['Any'], [], ALLOW, True, FTD-IPS, FTD-IPS, NULL, True, False, True, True, NULL, [[{'user': {'name': 'plesogor', 'type': 'User'}, 'date': '2022-06-10T04:32:36.000+0000', 'comment': ' Lexi_MobileEdge SA 2.11.19'}]]
17, outside-in_#5, outside, Any, any, Couchbase_GW_SJ_VIP, Any, 443, ['Any'], ['Any'], [], ALLOW, True, FTD-IPS, FTD-IPS, NULL, True, False, True, True, NULL, [[{'user': {'name': 'plesogor', 'type': 'User'}, 'date': '2022-06-10T04:32:36.000+0000', 'comment': ' Couchbase GW Sync SA 11.18.20'}]]
18, outside-in_#6, outside, Any, 104.129.79.1;115.111.1.37;125.17.78.69;160.109.104.44;198.52.89.4;71.184.122.62;40.74.246.199;10.204.24.121;91.204.13.253;23.99.91.12;52.191.227.236;Akamai_Liveness_Agents-WC_MIG;Taskflow-WC_MIG;ep-portal.wkglobal.com, WebServers-INET-EditorialProxy-WC_MIG, Any, 443, ['Any'], ['Any'], [], ALLOW, True, FTD-IPS, FTD-IPS, NULL, True, False, True, True, NULL, [[{'user': {'name': 'plesogor', 'type': 'User'}, 'date': '2022-06-10T04:32:36.000+0000', 'comment': ' EditorialProxy https 4.7.17'}, {'user': {'name': 'plesogor', 'type': 'User'}, 'date': '2022-06-10T04:32:36.000+0000', 'comment': ' Y.A Editiorial Proxy 06/24/20'}, {'user': {'name': 'plesogor', 'type': 'User'}, 'date': '2022-06-10T04:32:36.000+0000', 'comment': ' EditorialProxy Y.A 07.27.21'}, {'user': {'name': 'a-rezeh', 'type': 'User'}, 'date': '2023-09-01T06:13:54.000+0000', 'comment': 'IS-6647'}]]
19, outside-in_#7, outside, Any, any, WebServers-INET-LEXI-WC_MIG, Any, 443, ['Any'], ['Any'], [], ALLOW, True, FTD-IPS, FTD-IPS, NULL, True, False, True, True, NULL, [[{'user': {'name': 'plesogor', 'type': 'User'}, 'date': '2022-06-10T04:32:36.000+0000', 'comment': ' LEXI https'}]]
20, outside-in_#8, outside, Any, any, WebServers-INET-WC_MIG, Any, 80, ['Any'], ['Any'], [], ALLOW, True, FTD-IPS, FTD-IPS, NULL, True, False, True, True, NULL, ['Not Applicable']
21, outside-in_#9, outside, Any, any, WebServers-INET-Mule-WC_MIG, Any, 80, ['Any'], ['Any'], [], ALLOW, True, FTD-IPS, FTD-IPS, NULL, True, False, True, True, NULL, [[{'user': {'name': 'plesogor', 'type': 'User'}, 'date': '2022-06-10T04:32:36.000+0000', 'comment': ' Mule http'}]]
22, outside-in_#10, outside, Any, any, WebServers-INET-Atlassian-WC_MIG, Any, obj_tcp_7999;obj_tcp_80;obj_tcp_443;obj_tcp_7888, ['Any'], ['Any'], [], ALLOW, True, FTD-IPS, FTD-IPS, NULL, True, False, True, True, NULL, [[{'user': {'name': 'plesogor', 'type': 'User'}, 'date': '2022-06-10T04:32:36.000+0000', 'comment': ' Atlassian http https 7999'}]]
23, Allow_ssh_access_from_7888_port, outside, Any, Any, WebServers-INET-Atlassian-WC_MIG, Any, obj_tcp_7888, ['Any'], ['Any'], [], ALLOW, True, FTD-IPS, FTD-IPS, NULL, True, False, True, False, NULL, ['Not Applicable']
24, outside-in_#11, outside, Any, any, WebServers-INET-LEXI-WC_MIG, Any, 80, ['Any'], ['Any'], [], ALLOW, True, FTD-IPS, FTD-IPS, NULL, True, False, True, True, NULL, [[{'user': {'name': 'plesogor', 'type': 'User'}, 'date': '2022-06-10T04:32:36.000+0000', 'comment': ' LEXI http'}]]
25, outside-in_#12, outside, Any, any, WebServers-INET-Harmonization-Prod-WC_MIG, Any, obj_tcp_80;obj_tcp_443, ['Any'], ['Any'], [], ALLOW, True, FTD-IPS, FTD-IPS, NULL, True, False, True, True, NULL, [[{'user': {'name': 'plesogor', 'type': 'User'}, 'date': '2022-06-10T04:32:36.000+0000', 'comment': ' WebServers-INET-Harmonization-Prod SA 9.5.19'}]]
26, outside-in_#13, outside, Any, any, 10.15.50.249, Any, LexiFTP, ['Any'], ['Any'], [], ALLOW, True, FTD-IPS, FTD-IPS, NULL, True, False, True, True, NULL, [[{'user': {'name': 'plesogor', 'type': 'User'}, 'date': '2022-06-10T04:32:36.000+0000', 'comment': ' LEXI FTP'}]]
27, outside-in_#14, outside, Any, any, BigIPNATServers-INET-WC_MIG, Any, 443, ['Any'], ['Any'], [], ALLOW, False, FTD-IPS, FTD-IPS, NULL, True, False, True, True, NULL, [[{'user': {'name': 'plesogor', 'type': 'User'}, 'date': '2022-06-10T04:32:36.000+0000', 'comment': ' Disabled for LTM Clean Ups SA 1.30.20'}]]
28, outside-in_#15, outside, Any, 12.130.132.5, BigIPNATServers-INET-WC_MIG, Any, F5-3DNS-BigIP-Protocols, ['Any'], ['Any'], [], ALLOW, False, FTD-IPS, FTD-IPS, NULL, True, False, True, True, NULL, [[{'user': {'name': 'plesogor', 'type': 'User'}, 'date': '2022-06-10T04:32:36.000+0000', 'comment': ' Disabled for LTM Clean Ups SA 1.30.20'}]]
29, outside-in_#16, outside, Any, 63.240.21.173, BigIPNATServers-INET-WC_MIG, Any, F5-3DNS-BigIP-Protocols, ['Any'], ['Any'], [], ALLOW, False, FTD-IPS, FTD-IPS, NULL, True, False, True, True, NULL, [[{'user': {'name': 'plesogor', 'type': 'User'}, 'date': '2022-06-10T04:32:36.000+0000', 'comment': ' Disabled for LTM Clean Ups SA 1.30.20'}]]
30, outside-in_#17, outside, Any, 12.130.132.6, BigIPNATServers-INET-WC_MIG, Any, F5-3DNS-BigIP-Protocols, ['Any'], ['Any'], [], ALLOW, False, FTD-IPS, FTD-IPS, NULL, True, False, True, True, NULL, [[{'user': {'name': 'plesogor', 'type': 'User'}, 'date': '2022-06-10T04:32:36.000+0000', 'comment': ' Disabled for LTM Clean Ups SA 1.30.20'}]]
31, outside-in_#18, outside, Any, 63.240.21.174, BigIPNATServers-INET-WC_MIG, Any, F5-3DNS-BigIP-Protocols, ['Any'], ['Any'], [], ALLOW, False, FTD-IPS, FTD-IPS, NULL, True, False, True, True, NULL, [[{'user': {'name': 'plesogor', 'type': 'User'}, 'date': '2022-06-10T04:32:36.000+0000', 'comment': ' Disabled for LTM Clean Ups SA 1.30.20'}]]
32, outside-in_#19, outside, Any, any, 10.15.50.80, Any, obj_tcp_80;obj_tcp_443;obj_tcp_2050-2070, ['Any'], ['Any'], [], ALLOW, True, FTD-IPS, FTD-IPS, NULL, True, False, True, True, NULL, ['Not Applicable']
33, outside-in_#20, outside, Any, 199.107.238.193;199.107.238.194;199.107.238.192, 12.130.132.33;12.130.132.34;12.130.132.35;10.15.50.151;10.15.50.152;10.15.50.153, Any, Any, ['Any'], ['Any'], [], ALLOW, True, FTD-IPS, FTD-IPS, NULL, True, False, True, True, NULL, [[{'user': {'name': 'plesogor', 'type': 'User'}, 'date': '2022-06-10T04:32:36.000+0000', 'comment': ' SA Test LTM'}]]
34, outside-in_#21, outside, Any, any, any, Any, Any, ['Any'], ['Any'], [], ALLOW, True, FTD-IPS, FTD-IPS, NULL, True, False, True, True, NULL, ['Not Applicable']
35, outside-in_#22, outside, Any, any, 12.130.216.42;12.130.216.43;10.15.50.250;10.15.50.251, Any, 53;53, ['Any'], ['Any'], [], ALLOW, True, FTD-IPS, FTD-IPS, NULL, True, False, True, True, NULL, [[{'user': {'name': 'plesogor', 'type': 'User'}, 'date': '2022-06-10T04:32:36.000+0000', 'comment': ' Lexi Inbound DNS'}]]
36, outside-in_#23, outside, Any, Conport, OBJ-10.15.50.70, Any, 443, ['Any'], ['Any'], [], ALLOW, True, FTD-IPS, FTD-IPS, NULL, True, False, True, True, NULL, ['Not Applicable']
37, DMZ1550_access_in_#1, DMZ1550, Any, any, any, Any, Any, ['Any'], ['Any'], [], ALLOW, True, NULL, Default-Set, NULL, True, False, True, True, NULL, ['Not Applicable']
38, DMZ1550_access_in_#2, DMZ1550, Any, any, BlockOut-WC_MIG, Any, Any, ['Any'], ['Any'], [], BLOCK, True, NULL, Default-Set, NULL, True, False, True, True, NULL, [[{'user': {'name': 'plesogor', 'type': 'User'}, 'date': '2022-06-10T04:32:36.000+0000', 'comment': ' Block to INET SA 12.23.18'}]]
39, DMZ1550_access_in_#3, DMZ1550, Any, 10.15.50.0/24, any, Any, obj_tcp_80;obj_tcp_443;obj_tcp_5055;obj_tcp_5057, ['Any'], ['Any'], [], ALLOW, True, NULL, Default-Set, NULL, False, True, True, True, NULL, [[{'user': {'name': 'plesogor', 'type': 'User'}, 'date': '2022-06-10T04:32:36.000+0000', 'comment': ' SA 6.24.13'}]]
40, DMZ1550_access_in_#4, DMZ1550, Any, 10.15.50.254, 10.1.101.78;10.1.101.79, Any, 49, ['Any'], ['Any'], [], ALLOW, True, NULL, Default-Set, NULL, False, True, True, True, NULL, [[{'user': {'name': 'plesogor', 'type': 'User'}, 'date': '2022-06-10T04:32:36.000+0000', 'comment': ' For TACACS Waltham'}]]
41, DMZ1550_access_in_#5, DMZ1550, Any, 10.15.50.0/24, 10.1.101.193;Waltham_Central_DB_4.17.19-WC_MIG, Any, Cisco-LMS-UDP, ['Any'], ['Any'], [], ALLOW, True, NULL, Default-Set, NULL, False, True, True, True, NULL, ['Not Applicable']
42, DMZ1550_access_in_#6, DMZ1550, Any, 10.15.50.0/24, 10.1.101.193;Waltham_Central_DB_4.17.19-WC_MIG, Any, Cisco-LMS-TCP, ['Any'], ['Any'], [], ALLOW, True, NULL, Default-Set, NULL, False, True, True, True, NULL, ['Not Applicable']
43, DMZ1550_access_in_#7, DMZ1550, Any, 10.15.50.0/24, RH-Servers, Any, 80, ['Any'], ['Any'], [], ALLOW, True, NULL, Default-Set, NULL, False, True, True, True, NULL, ['Not Applicable']
44, DMZ1550_access_in_#8, DMZ1550, Any, 10.15.50.0/24, RH-Servers, Any, 443, ['Any'], ['Any'], [], ALLOW, True, NULL, Default-Set, NULL, False, True, True, True, NULL, ['Not Applicable']
45, DMZ1550_access_in_#9, DMZ1550, Any, 10.15.50.0/24, any, Any, obj_udp_53;obj_udp_123, ['Any'], ['Any'], [], ALLOW, True, NULL, Default-Set, NULL, False, True, True, True, NULL, [[{'user': {'name': 'plesogor', 'type': 'User'}, 'date': '2022-06-10T04:32:36.000+0000', 'comment': ' vlan 1550 for DNS lookups'}]]
46, DMZ1550_access_in_#10, DMZ1550, Any, 10.15.50.0/24, any, Any, 53, ['Any'], ['Any'], [], ALLOW, True, NULL, Default-Set, NULL, False, True, True, True, NULL, [[{'user': {'name': 'plesogor', 'type': 'User'}, 'date': '2022-06-10T04:32:36.000+0000', 'comment': ' vlan 1550 for DNS lookups'}]]
47, DMZ1550_access_in_#11, DMZ1550, Any, 10.15.50.175;10.15.50.176, any, Any, 25, ['Any'], ['Any'], [], ALLOW, True, NULL, Default-Set, NULL, False, True, True, True, NULL, [[{'user': {'name': 'plesogor', 'type': 'User'}, 'date': '2022-06-10T04:32:36.000+0000', 'comment': ' SMTP outbound from webservers for FC'}]]
48, DMZ1550_access_in_#12, DMZ1550, Any, 10.15.50.250;10.15.50.251, any, Any, 25, ['Any'], ['Any'], [], ALLOW, True, NULL, Default-Set, NULL, False, True, True, True, NULL, [[{'user': {'name': 'plesogor', 'type': 'User'}, 'date': '2022-06-10T04:32:36.000+0000', 'comment': ' SMTP outbound for Lexi'}]]
49, DMZ1550_access_in_#13, DMZ1550, Any, 10.15.50.151, BigIPNATServers-INET-WC_MIG, Any, F5-3DNS-BigIP-Protocols, ['Any'], ['Any'], [], ALLOW, True, NULL, Default-Set, NULL, False, True, True, True, NULL, ['Not Applicable']
50, DMZ1550_access_in_#14, DMZ1550, Any, 10.15.50.152, BigIPNATServers-INET-WC_MIG, Any, F5-3DNS-BigIP-Protocols, ['Any'], ['Any'], [], ALLOW, True, NULL, Default-Set, NULL, False, True, True, True, NULL, ['Not Applicable']
51, DMZ1550_access_in_#15, DMZ1550, Any, 10.15.50.153, BigIPNATServers-INET-WC_MIG, Any, F5-3DNS-BigIP-Protocols, ['Any'], ['Any'], [], ALLOW, True, NULL, Default-Set, NULL, False, True, True, True, NULL, ['Not Applicable']
52, DMZ1550_access_in_#16, DMZ1550, Any, BigIPNATServers-INET_real, WalthamDNSServers-WC_MIG, Any, 53, ['Any'], ['Any'], [], ALLOW, True, NULL, Default-Set, NULL, False, True, True, True, NULL, ['Not Applicable']
53, DMZ1550_access_in_#17, DMZ1550, Any, BigIPNATServers-INET_real, utd-dc02, Any, 123, ['Any'], ['Any'], [], ALLOW, True, NULL, Default-Set, NULL, False, True, True, True, NULL, ['Not Applicable']
54, DMZ1550_access_in_#18, DMZ1550, Any, BigIPNATServers-INET_real, utd-dc01, Any, 123, ['Any'], ['Any'], [], ALLOW, True, NULL, Default-Set, NULL, False, True, True, True, NULL, ['Not Applicable']
55, DMZ1550_access_in_#19, DMZ1550, Any, BigIPNATServers-INET_real1-WC_MIG, 10.15.54.0/24, Any, Any, ['Any'], ['Any'], [], BLOCK, True, NULL, Default-Set, NULL, True, False, True, True, NULL, ['Not Applicable']
56, DMZ1550_access_in_#20, DMZ1550, Any, BigIPNATServers-INET_real1-WC_MIG, 10.15.56.0/24, Any, Any, ['Any'], ['Any'], [], BLOCK, True, NULL, Default-Set, NULL, True, False, True, True, NULL, ['Not Applicable']
57, DMZ1550_access_in_#21, DMZ1550, Any, BigIPNATServers-INET_real1-WC_MIG, 10.15.58.0/24, Any, Any, ['Any'], ['Any'], [], BLOCK, True, NULL, Default-Set, NULL, True, False, True, True, NULL, ['Not Applicable']
58, DMZ1550_access_in_#22, DMZ1550, Any, BigIPNATServers-INET_real1-WC_MIG, any, Any, Any, ['Any'], ['Any'], [], ALLOW, True, NULL, Default-Set, NULL, False, True, True, True, NULL, ['Not Applicable']
59, DMZ1550_access_in_#23, DMZ1550, Any, 10.15.50.175;10.15.50.176, any, Any, obj_tcp_80;obj_tcp_443, ['Any'], ['Any'], [], ALLOW, True, NULL, Default-Set, NULL, False, True, True, True, NULL, [[{'user': {'name': 'plesogor', 'type': 'User'}, 'date': '2022-06-10T04:32:36.000+0000', 'comment': ' FC for windows patching'}]]
60, DMZ1550_access_in_#24, DMZ1550, Any, 10.15.50.80, any, Any, obj_tcp_80;obj_tcp_443, ['Any'], ['Any'], [], ALLOW, True, NULL, Default-Set, NULL, False, True, True, True, NULL, ['Not Applicable']
61, DMZ1550_access_in_#25, DMZ1550, Any, 10.15.50.0/24, UTD_IDC_Public-WC_MIG, Any, obj_tcp_80;obj_tcp_443, ['Any'], ['Any'], [], ALLOW, True, NULL, Default-Set, NULL, False, True, True, True, NULL, ['Not Applicable']
62, DMZ1550_access_in_#26, DMZ1550, Any, 10.15.50.0/24, Nagios_Servers, Any, obj_tcp_80;obj_tcp_5567;obj_tcp_5666;obj_tcp_22;obj_tcp_12489;obj_tcp_161, ['Any'], ['Any'], [], ALLOW, False, NULL, Default-Set, NULL, False, True, True, True, NULL, [[{'user': {'name': 'plesogor', 'type': 'User'}, 'date': '2022-06-10T04:32:36.000+0000', 'comment': ' For 1550 to Waltham Nagios'}]]
63, DMZ1550_access_in_#27, DMZ1550, Any, 10.15.50.0/24, any, Any, obj_tcp_80;obj_tcp_443, ['Any'], ['Any'], [], ALLOW, True, NULL, Default-Set, NULL, False, True, True, True, NULL, [[{'user': {'name': 'plesogor', 'type': 'User'}, 'date': '2022-06-10T04:32:36.000+0000', 'comment': ' vlan 50 out to INET'}]]
64, DMZ1550_access_in_#28, DMZ1550, Any, 10.15.50.0/24, any, Any, 123, ['Any'], ['Any'], [], ALLOW, True, NULL, Default-Set, NULL, False, True, True, True, NULL, [[{'user': {'name': 'plesogor', 'type': 'User'}, 'date': '2022-06-10T04:32:36.000+0000', 'comment': ' vlan 2050 out to INET NTP'}]]
65, DMZ1550_access_in_#29, DMZ1550, Any, 10.15.50.0/24, 10.20.50.0/24;10.25.50.0/24;10.30.50.0/24;10.20.200.0/24;10.35.50.0/24, Any, Any, ['Any'], ['Any'], [], ALLOW, True, NULL, Default-Set, NULL, False, True, True, True, NULL, [[{'user': {'name': 'plesogor', 'type': 'User'}, 'date': '2022-06-10T04:32:36.000+0000', 'comment': ' FM VPN'}]]
66, DMZ1550_access_in_#30, DMZ1550, Any, WebServers-INET_real-WC_MIG, pf_idf_medcity_net, Any, 9443, ['Any'], ['Any'], [], ALLOW, True, NULL, Default-Set, NULL, False, True, True, True, NULL, [[{'user': {'name': 'plesogor', 'type': 'User'}, 'date': '2022-06-10T04:32:36.000+0000', 'comment': ' For PING_HCA 3.8.16 SA'}]]
67, DMZ1550_access_in_#31, DMZ1550, Any, 10.15.50.0/24, awsmtp0102p, Any, obj_tcp_587;obj_tcp_25, ['Any'], ['Any'], [], ALLOW, True, NULL, Default-Set, NULL, False, True, True, True, NULL, [[{'user': {'name': 'plesogor', 'type': 'User'}, 'date': '2022-06-10T04:32:36.000+0000', 'comment': ' DMZ50 smtp to internal postfix server'}]]
68, DMZ1550_access_in_#32, DMZ1550, Any, 10.15.50.0/24, any, Any, SJ-SMTP, ['Any'], ['Any'], [], ALLOW, True, NULL, Default-Set, NULL, False, True, True, True, NULL, [[{'user': {'name': 'plesogor', 'type': 'User'}, 'date': '2022-06-10T04:32:36.000+0000', 'comment': ' SJ SMTP out  SA 6.15.20'}]]
69, DMZ1550_access_in_#33, DMZ1550, Any, 10.15.50.0/24, EC-DMZ2064, Any, Any, ['Any'], ['Any'], [], ALLOW, True, NULL, Default-Set, NULL, False, True, True, True, NULL, ['Not Applicable']
70, DMZ1554_access_in_#1, DMZ1554, Any, 10.15.54.249, ISE-SERVERS, Any, 49, ['Any'], ['Any'], [], ALLOW, True, NULL, Default-Set, NULL, False, True, True, True, NULL, ['Not Applicable']
71, DMZ1554_access_in_#2, DMZ1554, Any, any, BlockOut-WC_MIG, Any, Any, ['Any'], ['Any'], [], BLOCK, True, NULL, Default-Set, NULL, True, False, True, True, NULL, [[{'user': {'name': 'plesogor', 'type': 'User'}, 'date': '2022-06-10T04:32:36.000+0000', 'comment': ' Block to INET SA 12.23.18'}]]
72, DMZ1554_access_in_#3, DMZ1554, Any, 10.15.54.251, 10.2.251.57, Any, Any, ['Any'], ['Any'], [], ALLOW, True, NULL, Default-Set, NULL, False, True, True, True, NULL, ['Not Applicable']
73, DMZ1554_access_in_#4, DMZ1554, Any, OBJ-10.15.48.0, FMC-IP, Any, Any, ['Any'], ['Any'], [], ALLOW, True, NULL, Default-Set, NULL, False, True, True, True, NULL, ['Not Applicable']
74, DMZ1554_access_in_#5, DMZ1554, Any, 10.15.54.60, 10.15.50.236, Any, Any, ['Any'], ['Any'], [], ALLOW, True, NULL, Default-Set, NULL, False, True, True, True, NULL, ['Not Applicable']
75, DMZ1554_access_in_#6, DMZ1554, Any, 10.15.54.252;10.15.54.253;10.15.54.254, 10.1.101.78;10.1.101.79, Any, 49, ['Any'], ['Any'], [], ALLOW, True, NULL, Default-Set, NULL, False, True, True, True, NULL, [[{'user': {'name': 'plesogor', 'type': 'User'}, 'date': '2022-06-10T04:32:36.000+0000', 'comment': ' For TACACS Waltham'}]]
76, DMZ1554_access_in_#7, DMZ1554, Any, 10.15.54.60, 10.15.50.235, Any, Any, ['Any'], ['Any'], [], ALLOW, True, NULL, Default-Set, NULL, False, True, True, True, NULL, ['Not Applicable']
77, DMZ1554_access_in_#8, DMZ1554, Any, FC_WebServers_Bk-WC_MIG, FC_ADServer-WC_MIG;FC_DAS-WC_MIG;FC_DatabaseServers_Content-WC_MIG;FC_DatabaseServers_User-WC_MIG, Any, Any, ['Any'], ['Any'], [], ALLOW, True, NULL, Default-Set, NULL, False, True, True, True, NULL, ['Not Applicable']
78, DMZ1554_access_in_#9, DMZ1554, Any, Tomcat-Servers-WC_MIG, Database-Servers-WC_MIG, Any, 1521, ['Any'], ['Any'], [], ALLOW, True, NULL, Default-Set, NULL, False, True, True, True, NULL, ['Not Applicable']
79, DMZ1554_access_in_#10, DMZ1554, Any, Tomcat-Servers-WC_MIG, OpenAthens_1, Any, 443, ['Any'], ['Any'], [], ALLOW, True, NULL, Default-Set, NULL, False, True, True, True, NULL, [[{'user': {'name': 'plesogor', 'type': 'User'}, 'date': '2022-06-10T04:32:36.000+0000', 'comment': ' OpenAthens 443'}]]
80, DMZ1554_access_in_#11, DMZ1554, Any, Tomcat-Servers-WC_MIG, OpenAthens_2, Any, OpenAthens, ['Any'], ['Any'], [], ALLOW, True, NULL, Default-Set, NULL, False, True, True, True, NULL, [[{'user': {'name': 'plesogor', 'type': 'User'}, 'date': '2022-06-10T04:32:36.000+0000', 'comment': ' OpenAthens 5055 and 5057'}]]
81, DMZ1554_access_in_#12, DMZ1554, Any, 10.15.54.21;10.15.54.22;10.15.54.80;10.15.54.31;10.15.54.32;App_Servers-WC_MIG;edrp0102p-bk, utd-dc01;utd-dc02;dc04p, Any, centrify, ['Any'], ['Any'], [], ALLOW, True, NULL, Default-Set, NULL, False, True, True, True, NULL, [[{'user': {'name': 'plesogor', 'type': 'User'}, 'date': '2022-06-10T04:32:36.000+0000', 'comment': " Centrify comunication to Waltham DC's YA 8.9.16"}]]
82, DMZ1554_access_in_#13, DMZ1554, Any, App_Servers-WC_MIG, 10.15.56.171;10.15.56.172;10.15.56.173;couchdb0402p;couchdb0502p, Any, Couchbase_Node_to_Client-WC_MIG, ['Any'], ['Any'], [], ALLOW, True, NULL, Default-Set, NULL, False, True, True, True, NULL, [[{'user': {'name': 'plesogor', 'type': 'User'}, 'date': '2022-06-10T04:32:36.000+0000', 'comment': ' Couch-base rule Node to Client SA 8.23.16'}]]
83, DMZ1554_access_in_#14, DMZ1554, Any, Couchbase_Sync_Gateway-WC_MIG, 10.15.56.171;10.15.56.172;10.15.56.173;couchdb0402p;couchdb0502p, Any, CBSGW, ['Any'], ['Any'], [], ALLOW, True, NULL, Default-Set, NULL, False, True, True, True, NULL, [[{'user': {'name': 'plesogor', 'type': 'User'}, 'date': '2022-06-10T04:32:36.000+0000', 'comment': ' CouchDB SJ Instances SA 11.11.20'}]]
84, DMZ1554_access_in_#15, DMZ1554, Any, Couchbase_Sync_Gateway-WC_MIG, Waltham_ELK_Servers, Any, obj_tcp_6379;obj_tcp_8200, ['Any'], ['Any'], [], ALLOW, True, NULL, Default-Set, NULL, False, True, True, True, NULL, [[{'user': {'name': 'plesogor', 'type': 'User'}, 'date': '2022-06-10T04:32:36.000+0000', 'comment': ' Y.A 01.05.21 for the he Production ELK Cluster.'}]]
85, DMZ1554_access_in_#16, DMZ1554, Any, 10.15.54.21;10.15.54.22;10.15.54.80;10.15.54.31;10.15.54.32;App_Servers-WC_MIG;edrp0102p-bk, 10.1.101.250, Any, obj_tcp_5063;obj_tcp_5555, ['Any'], ['Any'], [], ALLOW, True, NULL, Default-Set, NULL, False, True, True, True, NULL, [[{'user': {'name': 'plesogor', 'type': 'User'}, 'date': '2022-06-10T04:32:36.000+0000', 'comment': " Centrify comunication to Waltham DC's YA 8.9.16"}]]
86, DMZ1554_access_in_#17, DMZ1554, Any, WCWebAppServers, 10.1.120.2, Any, 25, ['Any'], ['Any'], [], ALLOW, True, NULL, Default-Set, NULL, False, True, True, True, NULL, ['Not Applicable']
87, DMZ1554_access_in_#18, DMZ1554, Any, 10.15.54.0/24, 10.204.221.57;10.204.221.58, Any, 25, ['Any'], ['Any'], [], ALLOW, True, NULL, Default-Set, NULL, False, True, True, True, NULL, [[{'user': {'name': 'plesogor', 'type': 'User'}, 'date': '2022-06-10T04:32:36.000+0000', 'comment': ' WK SMTP'}]]
88, DMZ1554_access_in_#19, DMZ1554, Any, FC_WebServers_Bk-WC_MIG;WCWebAppServers, 10.1.101.105;10.1.101.106;sepmgr01p, Any, Symantec-AV-Management, ['Any'], ['Any'], [], ALLOW, True, NULL, Default-Set, NULL, False, True, True, True, NULL, [[{'user': {'name': 'plesogor', 'type': 'User'}, 'date': '2022-06-10T04:32:36.000+0000', 'comment': ' SA 6.22.18'}]]
89, DMZ1554_access_in_#20, DMZ1554, Any, 10.15.54.21;10.15.54.22;Tomcat-Servers-WC_MIG, 10.1.101.162;10.1.101.185, Any, obj_tcp_6379;obj_tcp_8001, ['Any'], ['Any'], [], ALLOW, True, NULL, Default-Set, NULL, False, True, True, True, NULL, [[{'user': {'name': 'plesogor', 'type': 'User'}, 'date': '2022-06-10T04:32:36.000+0000', 'comment': ' Splunk / appplog01p Rule for JR'}]]
90, DMZ1554_access_in_#21, DMZ1554, Any, 10.15.54.60, 10.1.101.185, Any, 8090, ['Any'], ['Any'], [], ALLOW, True, NULL, Default-Set, NULL, False, True, True, True, NULL, [[{'user': {'name': 'plesogor', 'type': 'User'}, 'date': '2022-06-10T04:32:36.000+0000', 'comment': ' appplog01p Rule for ST'}]]
91, DMZ1554_access_in_#22, DMZ1554, Any, 10.15.54.31;10.15.54.32, 10.1.101.185, Any, 6379, ['Any'], ['Any'], [], ALLOW, True, NULL, Default-Set, NULL, False, True, True, True, NULL, [[{'user': {'name': 'plesogor', 'type': 'User'}, 'date': '2022-06-10T04:32:36.000+0000', 'comment': ' ACDS Activity logs sent to Logstash to view in Kibana SA 10.26.16'}]]
92, DMZ1554_access_in_#23, DMZ1554, Any, 10.15.54.188;edrp0102p-bk;dtapp0102p;dtapp0202p;dtapp0302p;OpenShift_Cluster_SJ;dtapp0402p;dtapp0502p, WKUTILDCNACP02;WKUTILDCNACP03;net-Azure_East_US2;AUSW2NADCP1.na.wkglobal.com;AUSW2NADCP2.na.wkglobal.com;ZUSE2NADCP1.na.wkglobal.com;ZUSE2NADCP2.na.wkglobal.com;net-AWS_Franfurt_EU-Central-1;net-Aws_Oregon_US-west-2;net-Azure_Ireland_EU_Central, Any, WKLDAP, ['Any'], ['Any'], [], ALLOW, True, NULL, Default-Set, NULL, False, True, True, True, NULL, [[{'user': {'name': 'plesogor', 'type': 'User'}, 'date': '2022-06-10T04:32:36.000+0000', 'comment': ' WK LDAP SA 3.27.17'}]]
93, DMZ1554_access_in_#24, DMZ1554, Any, FC_WebServers_Bk-WC_MIG;WCWebAppServers, 10.1.30.0/24, Any, Symantec-AV-Management, ['Any'], ['Any'], [], ALLOW, True, NULL, Default-Set, NULL, False, True, True, True, NULL, ['Not Applicable']
94, DMZ1554_access_in_#25, DMZ1554, Any, FC_WebServers_Bk-WC_MIG;WCWebAppServers, 10.1.101.191;Waltham_Central_DB_4.17.19-WC_MIG, Any, NetIQ-WC_MIG, ['Any'], ['Any'], [], ALLOW, True, NULL, Default-Set, NULL, False, True, True, True, NULL, ['Not Applicable']
95, DMZ1554_access_in_#26, DMZ1554, Any, FC_WebServers_Bk-WC_MIG;WCWebAppServers, 10.1.101.192;Waltham_Central_DB_4.17.19-WC_MIG, Any, NetIQ-WC_MIG, ['Any'], ['Any'], [], ALLOW, True, NULL, Default-Set, NULL, False, True, True, True, NULL, ['Not Applicable']
96, DMZ1554_access_in_#27, DMZ1554, Any, FC_WebServers_Bk-WC_MIG;WCWebAppServers, 10.1.101.150, Any, NetIQ-WC_MIG, ['Any'], ['Any'], [], ALLOW, False, NULL, Default-Set, NULL, False, True, True, True, NULL, ['Not Applicable']
97, DMZ1554_access_in_#28, DMZ1554, Any, FC_WebServers_Bk-WC_MIG;WCWebAppServers, 10.1.101.151, Any, NetIQ-WC_MIG, ['Any'], ['Any'], [], ALLOW, False, NULL, Default-Set, NULL, False, True, True, True, NULL, ['Not Applicable']
98, DMZ1554_access_in_#29, DMZ1554, Any, FC_WebServers_Bk-WC_MIG;WCWebAppServers, 10.1.101.152, Any, NetIQ-WC_MIG, ['Any'], ['Any'], [], ALLOW, False, NULL, Default-Set, NULL, False, True, True, True, NULL, ['Not Applicable']
99, DMZ1554_access_in_#30, DMZ1554, Any, FC_WebServers_Bk-WC_MIG;WCWebAppServers, 10.1.101.153, Any, NetIQ-WC_MIG, ['Any'], ['Any'], [], ALLOW, False, NULL, Default-Set, NULL, False, True, True, True, NULL, ['Not Applicable']
100, DMZ1554_access_in_#31, DMZ1554, Any, FC_WebServers_Bk-WC_MIG;WCWebAppServers, 10.1.30.0/24, Any, NetIQ-WC_MIG, ['Any'], ['Any'], [], ALLOW, True, NULL, Default-Set, NULL, False, True, True, True, NULL, ['Not Applicable']
101, DMZ1554_access_in_#32, DMZ1554, Any, FC_WebServers_Bk-WC_MIG;WCWebAppServers;ecacds0102p;ecacds0202p;LexiRF_Servers-WC_MIG;Atlassian_Servers;Editorial_Content_Harmonization-WC_MIG;dns_web_farm-WC_MIG;OpenShift_Cluster-SJ-NFS, NetIQSystems-WC_MIG, Any, NetIQ-WC_MIG, ['Any'], ['Any'], [], ALLOW, True, NULL, Default-Set, NULL, False, True, True, True, NULL, [[{'user': {'name': 'plesogor', 'type': 'User'}, 'date': '2022-06-10T04:32:36.000+0000', 'comment': ' NetIQ_6.25.15 - New'}, {'user': {'name': 'plesogor', 'type': 'User'}, 'date': '2022-06-10T04:32:36.000+0000', 'comment': 'Y.A 6.19.2019'}, {'user': {'name': 'plesogor', 'type': 'User'}, 'date': '2022-06-10T04:32:36.000+0000', 'comment': ' SA 9.6.19'}, {'user': {'name': 'plesogor', 'type': 'User'}, 'date': '2022-06-10T04:32:36.000+0000', 'comment': ' SA 11.20.19'}]]
102, DMZ1554_access_in_#33, DMZ1554, Any, 10.15.54.0/24, Nagios_Servers, Any, obj_tcp_5567;obj_tcp_5666;obj_tcp_80;obj_tcp_22;obj_tcp_12489;obj_tcp_161, ['Any'], ['Any'], [], ALLOW, False, NULL, Default-Set, NULL, False, True, True, True, NULL, [[{'user': {'name': 'plesogor', 'type': 'User'}, 'date': '2022-06-10T04:32:36.000+0000', 'comment': ' For 1554 to Waltham Nagios'}]]
103, DMZ1554_access_in_#34, DMZ1554, Any, FC_WebServers_Bk-WC_MIG;WCWebAppServers, utd-dc01, Any, 123, ['Any'], ['Any'], [], ALLOW, True, NULL, Default-Set, NULL, False, True, True, True, NULL, ['Not Applicable']
104, DMZ1554_access_in_#35, DMZ1554, Any, FC_WebServers_Bk-WC_MIG;WCWebAppServers, utd-dc02, Any, 123, ['Any'], ['Any'], [], ALLOW, True, NULL, Default-Set, NULL, False, True, True, True, NULL, ['Not Applicable']
105, DMZ1554_access_in_#36, DMZ1554, Any, 10.15.54.250;FC_WebServers_Bk-WC_MIG;WCWebAppServers, NTP_Servers, Any, 123, ['Any'], ['Any'], [], ALLOW, True, NULL, Default-Set, NULL, False, True, True, True, NULL, ['Not Applicable']
106, DMZ1554_access_in_#37, DMZ1554, Any, 10.15.54.250;FC_WebServers_Bk-WC_MIG;WCWebAppServers, WalthamDNSServers-WC_MIG, Any, 53, ['Any'], ['Any'], [], ALLOW, True, NULL, Default-Set, NULL, False, True, True, True, NULL, ['Not Applicable']
107, DMZ1554_access_in_#38, DMZ1554, Any, any, TechGroup-WC_MIG, Any, Any, ['Any'], ['Any'], [], ALLOW, True, NULL, Default-Set, NULL, False, True, True, True, NULL, ['Not Applicable']
108, DMZ1554_access_in_#39, DMZ1554, Any, 10.15.54.0/24, 10.1.101.193;Waltham_Central_DB_4.17.19-WC_MIG, Any, Cisco-LMS-UDP, ['Any'], ['Any'], [], ALLOW, True, NULL, Default-Set, NULL, False, True, True, True, NULL, ['Not Applicable']
109, DMZ1554_access_in_#40, DMZ1554, Any, 10.15.54.0/24, 10.1.101.193;Waltham_Central_DB_4.17.19-WC_MIG, Any, Cisco-LMS-TCP, ['Any'], ['Any'], [], ALLOW, True, NULL, Default-Set, NULL, False, True, True, True, NULL, ['Not Applicable']
110, DMZ1554_access_in_#41, DMZ1554, Any, 10.15.54.0/24, RH-Servers, Any, 443, ['Any'], ['Any'], [], ALLOW, True, NULL, Default-Set, NULL, False, True, True, True, NULL, ['Not Applicable']
111, DMZ1554_access_in_#42, DMZ1554, Any, 10.15.54.0/24, RH-Servers, Any, 80, ['Any'], ['Any'], [], ALLOW, True, NULL, Default-Set, NULL, False, True, True, True, NULL, ['Not Applicable']
112, DMZ1554_access_in_#43, DMZ1554, Any, 10.15.54.0/24, VerSignNetwork-WC_MIG, Any, 443, ['Any'], ['Any'], [], ALLOW, True, NULL, Default-Set, NULL, False, True, True, True, NULL, ['Not Applicable']
113, DMZ1554_access_in_#44, DMZ1554, Any, App_Servers-WC_MIG, Chase_Paymentech, Any, 443, ['Any'], ['Any'], [], ALLOW, True, NULL, Default-Set, NULL, False, True, True, True, NULL, [[{'user': {'name': 'plesogor', 'type': 'User'}, 'date': '2022-06-10T04:32:36.000+0000', 'comment': ' Rule to allow 443 from App Servers to Chase Paymentech'}]]
114, DMZ1554_access_in_#45, DMZ1554, Any, Tomcat-Servers-WC_MIG, Database-Servers-WC_MIG, Any, 61616, ['Any'], ['Any'], [], ALLOW, True, NULL, Default-Set, NULL, False, True, True, True, NULL, ['Not Applicable']
115, DMZ1554_access_in_#46, DMZ1554, Any, Tomcat-Servers-WC_MIG, WalthamDBServers-WC_MIG, Any, 1521, ['Any'], ['Any'], [], ALLOW, True, NULL, Default-Set, NULL, False, True, True, True, NULL, ['Not Applicable']
116, DMZ1554_access_in_#47, DMZ1554, Any, 10.15.54.0/24, AllWebNATs-WC_MIG, Any, 443, ['Any'], ['Any'], [], ALLOW, True, NULL, Default-Set, NULL, False, True, True, True, NULL, ['Not Applicable']
117, DMZ1554_access_in_#48, DMZ1554, Any, 10.15.54.0/24, AllWebNATs-WC_MIG, Any, 80, ['Any'], ['Any'], [], ALLOW, True, NULL, Default-Set, NULL, False, True, True, True, NULL, ['Not Applicable']
118, DMZ1554_access_in_#49, DMZ1554, Any, Tomcat-Servers-WC_MIG, Database-Servers-WC_MIG, Any, 61617, ['Any'], ['Any'], [], ALLOW, True, NULL, Default-Set, NULL, False, True, True, True, NULL, ['Not Applicable']
119, DMZ1554_access_in_#50, DMZ1554, Any, FC_WebServers_Bk-WC_MIG;WCWebAppServers, 10.1.101.166, Any, HP_Insight_3-WC_MIG, ['Any'], ['Any'], [], ALLOW, False, NULL, Default-Set, NULL, False, True, True, True, NULL, [[{'user': {'name': 'plesogor', 'type': 'User'}, 'date': '2022-06-10T04:32:36.000+0000', 'comment': ' Rule to allow 443 and 80 from App Servers to Ovid Servers'}, {'user': {'name': 'plesogor', 'type': 'User'}, 'date': '2022-06-10T04:32:36.000+0000', 'comment': ' For SNMP traps from managed system to Insight01p'}, {'user': {'name': 'plesogor', 'type': 'User'}, 'date': '2022-06-10T04:32:36.000+0000', 'comment': ' For SNMP traps from managed system to Insight01p'}, {'user': {'name': 'plesogor', 'type': 'User'}, 'date': '2022-06-10T04:32:36.000+0000', 'comment': ' For System Discovery reply back to Insight01p'}]]
120, DMZ1554_access_in_#51, DMZ1554, Any, FC_WebServers_Bk-WC_MIG;WCWebAppServers, 10.1.101.166, Any, HP_Insight_4-WC_MIG, ['Any'], ['Any'], [], ALLOW, False, NULL, Default-Set, NULL, False, True, True, True, NULL, [[{'user': {'name': 'plesogor', 'type': 'User'}, 'date': '2022-06-10T04:32:36.000+0000', 'comment': ' For System Discovery reply back to Insight01p'}]]
121, DMZ1554_access_in_#52, DMZ1554, Any, App_Servers-WC_MIG, OvidServerGroup, Any, OvidServiceGroup, ['Any'], ['Any'], [], ALLOW, True, NULL, Default-Set, NULL, False, True, True, True, NULL, ['Not Applicable']
122, DMZ1554_access_in_#53, DMZ1554, Any, FC_WebServers_Bk-WC_MIG, FC_DatabaseServers_Content-WC_MIG;FC_DatabaseServers_User-WC_MIG, Any, 1025-65535;1025-65535, ['Any'], ['Any'], [], ALLOW, True, NULL, Default-Set, NULL, False, True, True, True, NULL, [[{'user': {'name': 'plesogor', 'type': 'User'}, 'date': '2022-06-10T04:32:36.000+0000', 'comment': ' F&C Web servers to F&C SQL DB servers and VIPs (Content and User)'}]]
123, DMZ1554_access_in_#54, DMZ1554, Any, 10.15.54.80, utd-dc02, Any, 389, ['Any'], ['Any'], [], ALLOW, True, NULL, Default-Set, NULL, False, True, True, True, NULL, [[{'user': {'name': 'plesogor', 'type': 'User'}, 'date': '2022-06-10T04:32:36.000+0000', 'comment': ' EZ Poxy Server'}]]
124, DMZ1554_access_in_#55, DMZ1554, Any, 10.15.54.250, any, Any, Any, ['Any'], ['Any'], [], ALLOW, True, NULL, Default-Set, NULL, False, True, True, True, NULL, [[{'user': {'name': 'plesogor', 'type': 'User'}, 'date': '2022-06-10T04:32:36.000+0000', 'comment': ' Allows IPS Outside'}]]
125, DMZ1554_access_in_#56, DMZ1554, Any, 10.15.54.0/24, 10.15.56.185, Any, 53;53, ['Any'], ['Any'], [], ALLOW, True, NULL, Default-Set, NULL, False, True, True, True, NULL, [[{'user': {'name': 'plesogor', 'type': 'User'}, 'date': '2022-06-10T04:32:36.000+0000', 'comment': ' 1554 to 1556 dc0102p DNS requests'}]]
126, DMZ1554_access_in_#57, DMZ1554, Any, 10.15.54.0/24, any, Any, obj_tcp_80;obj_tcp_443, ['Any'], ['Any'], [], ALLOW, True, NULL, Default-Set, NULL, False, True, True, True, NULL, [[{'user': {'name': 'plesogor', 'type': 'User'}, 'date': '2022-06-10T04:32:36.000+0000', 'comment': ' Open to allow calls from application servers to translation service providers hosted in cloud.'}, {'user': {'name': 'plesogor', 'type': 'User'}, 'date': '2022-06-10T04:32:36.000+0000', 'comment': ' Includes but not limited to Google'}, {'user': {'name': 'plesogor', 'type': 'User'}, 'date': '2022-06-10T04:32:36.000+0000', 'comment': ' Microsoft and Babylon.'}, {'user': {'name': 'plesogor', 'type': 'User'}, 'date': '2022-06-10T04:32:36.000+0000', 'comment': ' Also to allow outobund access to credit card processing centers ect.'}]]
127, DMZ1554_access_in_#58, DMZ1554, Any, dtapp0102p;dtapp0202p;dtapp0302p;dtapp0402p;dtapp0502p, any, Any, 993, ['Any'], ['Any'], [], ALLOW, True, NULL, Default-Set, NULL, False, True, True, True, NULL, [[{'user': {'name': 'plesogor', 'type': 'User'}, 'date': '2022-06-10T04:32:36.000+0000', 'comment': ' Atlassian - Allow access to Microsoft Outlook Office365 Mail'}, {'user': {'name': 'plesogor', 'type': 'User'}, 'date': '2022-06-10T04:32:36.000+0000', 'comment': ' Y.A 6/09/21'}]]
128, DMZ1554_access_in_#60, DMZ1554, Any, Lexi_54_Outbound_Inet-WC_MIG, any, Any, obj_tcp_80;obj_tcp_443, ['Any'], ['Any'], [], ALLOW, True, NULL, Default-Set, NULL, False, True, True, True, NULL, [[{'user': {'name': 'plesogor', 'type': 'User'}, 'date': '2022-06-10T04:32:36.000+0000', 'comment': ' Lexi vlan 54 out to INET 80 443'}]]
129, DMZ1554_access_in_#61, DMZ1554, Any, 10.15.54.0/24;Lexi_54_Outbound_DNS-WC_MIG, any, Any, 53, ['Any'], ['Any'], [], ALLOW, True, NULL, Default-Set, NULL, False, True, True, True, NULL, [[{'user': {'name': 'plesogor', 'type': 'User'}, 'date': '2022-06-10T04:32:36.000+0000', 'comment': ' vlan 54 out to DNS 53'}]]
130, DMZ1554_access_in_#62, DMZ1554, Any, 10.15.54.0/24;Lexi_54_Outbound_DNS-WC_MIG, any, Any, 53, ['Any'], ['Any'], [], ALLOW, True, NULL, Default-Set, NULL, False, True, True, True, NULL, [[{'user': {'name': 'plesogor', 'type': 'User'}, 'date': '2022-06-10T04:32:36.000+0000', 'comment': ' vlan 54 out to DNS 53'}]]
131, DMZ1554_access_in_#63, DMZ1554, Any, Lexi_1554, Lexi_1556, Any, obj_tcp_80;obj_tcp_443;obj_tcp_22;obj_tcp_3306;obj_tcp_1521, ['Any'], ['Any'], [], ALLOW, True, NULL, Default-Set, NULL, False, True, True, True, NULL, [[{'user': {'name': 'plesogor', 'type': 'User'}, 'date': '2022-06-10T04:32:36.000+0000', 'comment': ' Lexi'}]]
132, DMZ1554_access_in_#64, DMZ1554, Any, Lexi_1554, Lexi_1556, Any, 10000, ['Any'], ['Any'], [], ALLOW, True, NULL, Default-Set, NULL, False, True, True, True, NULL, [[{'user': {'name': 'plesogor', 'type': 'User'}, 'date': '2022-06-10T04:32:36.000+0000', 'comment': ' Lexi'}]]
133, DMZ1554_access_in_#65, DMZ1554, Any, Lexi_1554, Lexi_Networks, Any, Lexi_Service_Group_1, ['Any'], ['Any'], [], ALLOW, True, NULL, Default-Set, NULL, False, True, True, True, NULL, [[{'user': {'name': 'plesogor', 'type': 'User'}, 'date': '2022-06-10T04:32:36.000+0000', 'comment': ' Lexi 1554 to Lexi HQ'}]]
134, DMZ1554_access_in_#66, DMZ1554, Any, 10.15.54.0/24, SJ2AZURE, Any, Any, ['Any'], ['Any'], [], ALLOW, True, NULL, Default-Set, NULL, False, True, True, True, NULL, [[{'user': {'name': 'plesogor', 'type': 'User'}, 'date': '2022-06-10T04:32:36.000+0000', 'comment': ' SA 8.20.18 for Hudson DCC'}]]
135, DMZ1554_access_in_#67, DMZ1554, Any, 10.15.54.208, any, Any, 25, ['Any'], ['Any'], [], ALLOW, True, NULL, Default-Set, NULL, False, True, True, True, NULL, [[{'user': {'name': 'plesogor', 'type': 'User'}, 'date': '2022-06-10T04:32:36.000+0000', 'comment': ' Lexi SMTP'}]]
136, DMZ1554_access_in_#68, DMZ1554, Any, 10.15.54.208;10.15.54.209, 172.16.2.75, Any, 389, ['Any'], ['Any'], [], ALLOW, True, NULL, Default-Set, NULL, False, True, True, True, NULL, [[{'user': {'name': 'plesogor', 'type': 'User'}, 'date': '2022-06-10T04:32:36.000+0000', 'comment': ' Lexi LDAP'}]]
137, DMZ1554_access_in_#69, DMZ1554, Any, 10.15.54.126, 10.15.50.151;10.15.50.152;10.15.50.153, Any, 161;161, ['Any'], ['Any'], [], ALLOW, True, NULL, Default-Set, NULL, False, True, True, True, NULL, [[{'user': {'name': 'plesogor', 'type': 'User'}, 'date': '2022-06-10T04:32:36.000+0000', 'comment': ' Lexi SNMP to LTMs'}]]
138, DMZ1554_access_in_#70, DMZ1554, Any, 10.15.54.0/24, 10.20.54.0/24;10.25.54.0/24;10.30.54.0/24;10.20.200.0/24;10.35.54.0/24, Any, Any, ['Any'], ['Any'], [], ALLOW, True, NULL, Default-Set, NULL, False, True, True, True, NULL, [[{'user': {'name': 'plesogor', 'type': 'User'}, 'date': '2022-06-10T04:32:36.000+0000', 'comment': ' FM VPN'}]]
139, DMZ1554_access_in_#71, DMZ1554, Any, 10.15.54.60, 10.15.58.3, Any, 22, ['Any'], ['Any'], [], ALLOW, False, NULL, Default-Set, NULL, False, True, True, True, NULL, [[{'user': {'name': 'plesogor', 'type': 'User'}, 'date': '2022-06-10T04:32:36.000+0000', 'comment': ' SA 2.12.13 - For Firecall ssh to router from .54'}]]
140, DMZ1554_access_in_#72, DMZ1554, Any, 10.15.54.21;10.15.54.22, 10.1.101.60, Any, pingfederate, ['Any'], ['Any'], [], ALLOW, True, NULL, Default-Set, NULL, False, True, True, True, NULL, [[{'user': {'name': 'plesogor', 'type': 'User'}, 'date': '2022-06-10T04:32:36.000+0000', 'comment': ' pingfederate'}]]
141, DMZ1554_access_in_#73, DMZ1554, Any, dtapp0402p;dtapp0502p;OBJ-10.15.54.208, dtdb0102p;dtdb0202p;OBJ-10.15.56.165, Any, 5432;5433;5434, ['Any'], ['Any'], [], ALLOW, True, NULL, Default-Set, NULL, False, True, True, True, NULL, [[{'user': {'name': 'plesogor', 'type': 'User'}, 'date': '2022-06-10T04:32:36.000+0000', 'comment': ' Y.A  8.8.18  for postgres and  the app servers to get added to netiq monitoring'}]]
142, DMZ1554_access_in_#74, DMZ1554, Any, 10.15.54.99, 10.170.32.126, Any, 4848, ['Any'], ['Any'], [], ALLOW, True, NULL, Default-Set, NULL, False, True, True, True, NULL, [[{'user': {'name': 'plesogor', 'type': 'User'}, 'date': '2022-06-10T04:32:36.000+0000', 'comment': ' SA 2.23.16 - Lexi'}]]
143, DMZ1554_access_in_#75, DMZ1554, Any, 10.15.54.31;10.15.54.32, 10.15.56.70;10.15.56.71, Any, 1521, ['Any'], ['Any'], [], ALLOW, True, NULL, Default-Set, NULL, False, True, True, True, NULL, [[{'user': {'name': 'plesogor', 'type': 'User'}, 'date': '2022-06-10T04:32:36.000+0000', 'comment': ' ACDS_7.27.16 YA'}]]
144, DMZ1554_access_in_#76, DMZ1554, Any, 10.15.54.31;10.15.54.32, 10.15.56.80;10.15.56.81, Any, 1521, ['Any'], ['Any'], [], ALLOW, True, NULL, Default-Set, NULL, False, True, True, True, NULL, [[{'user': {'name': 'plesogor', 'type': 'User'}, 'date': '2022-06-10T04:32:36.000+0000', 'comment': ' ACDS_10.25.16 SA'}]]
145, DMZ1554_access_in_#77, DMZ1554, Any, 10.15.54.150;10.15.54.151;10.15.54.154;10.15.54.155;10.15.54.156;10.15.54.157;10.15.54.158;10.15.54.159;10.15.54.160;WCWebAppServers, 10.1.101.107, Any, OME_TCP-WC_MIG, ['Any'], ['Any'], [], ALLOW, True, NULL, Default-Set, NULL, False, True, True, True, NULL, [[{'user': {'name': 'plesogor', 'type': 'User'}, 'date': '2022-06-10T04:32:36.000+0000', 'comment': ' OME Rule SJ to Waltham TCP ports SA 11.16.16'}]]
146, DMZ1554_access_in_#78, DMZ1554, Any, 10.15.54.150;10.15.54.151;10.15.54.154;10.15.54.155;10.15.54.156;10.15.54.157;10.15.54.158;10.15.54.159;10.15.54.160;WCWebAppServers, 10.1.101.107, Any, OME_UDP, ['Any'], ['Any'], [], ALLOW, True, NULL, Default-Set, NULL, False, True, True, True, NULL, [[{'user': {'name': 'plesogor', 'type': 'User'}, 'date': '2022-06-10T04:32:36.000+0000', 'comment': ' OME Rule SJ to Waltham UDP ports SA 11.16.16'}]]
147, DMZ1554_access_in_#79, DMZ1554, Any, edrp0102p-bk, 10.1.101.216;10.1.101.217;10.1.101.218, Any, 9092, ['Any'], ['Any'], [], ALLOW, True, NULL, Default-Set, NULL, False, True, True, True, NULL, [[{'user': {'name': 'plesogor', 'type': 'User'}, 'date': '2022-06-10T04:32:36.000+0000', 'comment': ' Editorial Proxy 443 to Waltham 4.7.17'}]]
148, DMZ1554_access_in_#80, DMZ1554, Any, 10.15.54.188;dtapp0102p;dtapp0202p;dtapp0302p, dtdb0102p;dtdb0202p, Any, 5432, ['Any'], ['Any'], [], ALLOW, True, NULL, Default-Set, NULL, False, True, True, True, NULL, [[{'user': {'name': 'plesogor', 'type': 'User'}, 'date': '2022-06-10T04:32:36.000+0000', 'comment': ' SA - 9.6.17 -  Allow access to Postgres DB server from Applications (Jira'}, {'user': {'name': 'plesogor', 'type': 'User'}, 'date': '2022-06-10T04:32:36.000+0000', 'comment': ' Confluence'}, {'user': {'name': 'plesogor', 'type': 'User'}, 'date': '2022-06-10T04:32:36.000+0000', 'comment': ' Bitbucket)'}]]
149, DMZ1554_access_in_#81, DMZ1554, Any, dtapp0102p, dtdb0102p, Any, obj_tcp_5433;obj_tcp_5434;obj_tcp_5435;obj_tcp_5436, ['Any'], ['Any'], [], ALLOW, True, NULL, Default-Set, NULL, False, True, True, True, NULL, [[{'user': {'name': 'plesogor', 'type': 'User'}, 'date': '2022-06-10T04:32:36.000+0000', 'comment': ' SA - 10.15.19 -  PostgreSQL DB Sync from Prod to DR'}]]
150, DMZ1554_access_in_#82, DMZ1554, Any, 10.15.54.21;10.15.54.22;App_Servers-WC_MIG;OpenShift_Cluster_SJ;dns_web_farm-WC_MIG;rfapp0102p;rfapp0202p;rfapp0302p;rfapp0402p;Atlassian_Servers_SJ;rfweb0102p;rfweb0202p, Waltham_ELK_Servers, Any, obj_tcp_6379;obj_tcp_8200, ['Any'], ['Any'], [], ALLOW, True, NULL, Default-Set, NULL, False, True, True, True, NULL, ['Not Applicable']
151, DMZ1554_access_in_#83, DMZ1554, Any, 10.15.54.21;10.15.54.22;App_Servers-WC_MIG, Waltham_ELK_Servers;appmon01p, Any, 6379, ['Any'], ['Any'], [], ALLOW, False, NULL, Default-Set, NULL, False, True, True, True, NULL, [[{'user': {'name': 'plesogor', 'type': 'User'}, 'date': '2022-06-10T04:32:36.000+0000', 'comment': ' Web and Application Servers to ELK Server Waltham SA 9.26.17'}]]
152, DMZ1554_access_in_#84, DMZ1554, Any, dtapp0102p;dtapp0202p;dtapp0302p, dc04p, Any, 636, ['Any'], ['Any'], [], ALLOW, True, NULL, Default-Set, NULL, False, True, True, True, NULL, [[{'user': {'name': 'plesogor', 'type': 'User'}, 'date': '2022-06-10T04:32:36.000+0000', 'comment': ' For bit bucket ldap auth SA 10.18.17'}]]
153, DMZ1554_access_in_#85, DMZ1554, Any, osmaster0102p;osmaster0202p, vc01p, Any, obj_tcp_902;obj_udp_902;obj_tcp_903;obj_udp_903, ['Any'], ['Any'], [], ALLOW, True, NULL, Default-Set, NULL, False, True, True, True, NULL, [[{'user': {'name': 'plesogor', 'type': 'User'}, 'date': '2022-06-10T04:32:36.000+0000', 'comment': ' Y.A 11.3.17 for heartbeat communcation between host and vcente'}]]
154, DMZ1554_access_in_#86, DMZ1554, Any, ecmon0902p-bk, 10.15.56.0/24, Any, 5900, ['Any'], ['Any'], [], ALLOW, True, NULL, Default-Set, NULL, False, True, True, True, NULL, [[{'user': {'name': 'plesogor', 'type': 'User'}, 'date': '2022-06-10T04:32:36.000+0000', 'comment': ' Backside rule for idrac com from ecmon to DB seg SA 11.30.17'}]]
155, DMZ1554_access_in_#87, DMZ1554, Any, dns01.sj.prod.osc.utdlab.com;dns02.sj.prod.osc.utdlab.com, dns01.utdlab.com;dns02.utdlab.com, Any, 53;53, ['Any'], ['Any'], [], ALLOW, True, NULL, Default-Set, NULL, False, True, True, True, NULL, [[{'user': {'name': 'plesogor', 'type': 'User'}, 'date': '2022-06-10T04:32:36.000+0000', 'comment': ' OpenShift DNS SA 6.20.18'}]]
156, DMZ1554_access_in_#88, DMZ1554, Any, App_Servers-WC_MIG;OpenShift_Cluster_SJ, 10.20.56.83;oradb0403dr, Any, 1521, ['Any'], ['Any'], [], ALLOW, True, NULL, Default-Set, NULL, False, True, True, True, NULL, [[{'user': {'name': 'plesogor', 'type': 'User'}, 'date': '2022-06-10T04:32:36.000+0000', 'comment': ' Allow access to the BCDR DB servers 1521'}]]
157, DMZ1554_access_in_#89, DMZ1554, Any, dtapp0202p, wolterskluwercdi, Any, 8085, ['Any'], ['Any'], [], ALLOW, True, NULL, Default-Set, NULL, False, True, True, True, NULL, [[{'user': {'name': 'plesogor', 'type': 'User'}, 'date': '2022-06-10T04:32:36.000+0000', 'comment': ' SJ to NTT 8085 SA 6.25.19'}]]
158, DMZ1554_access_in_#90, DMZ1554, Any, rfapp0102p;rfapp0202p;rfapp0302p;rfapp0402p, 10.15.56.203;10.15.56.204, Any, 1521, ['Any'], ['Any'], [], ALLOW, True, NULL, Default-Set, NULL, False, True, True, True, NULL, [[{'user': {'name': 'plesogor', 'type': 'User'}, 'date': '2022-06-10T04:32:36.000+0000', 'comment': ' Lexi MobileEdge_MobileUsage sql - SA 1.21.19'}]]
159, DMZ1554_access_in_#91, DMZ1554, Any, rfapp0102p;rfapp0202p;rfapp0302p;rfapp0402p, couchdb0402p;couchdb0502p;couchdb0102p;couchdb0202p;couchdb0302p, Any, Couchbase_Node_to_Client-WC_MIG, ['Any'], ['Any'], [], ALLOW, True, NULL, Default-Set, NULL, False, True, True, True, NULL, [[{'user': {'name': 'plesogor', 'type': 'User'}, 'date': '2022-06-10T04:32:36.000+0000', 'comment': ' CouchDB SJ Instances SA 2.1.19'}]]
160, DMZ1554_access_in_#92, DMZ1554, Any, rfapp0102p;rfapp0202p;rfapp0302p;rfapp0402p, Waltham_ELK_Servers;appmon01p, Any, 6379, ['Any'], ['Any'], [], ALLOW, False, NULL, Default-Set, NULL, False, True, True, True, NULL, [[{'user': {'name': 'plesogor', 'type': 'User'}, 'date': '2022-06-10T04:32:36.000+0000', 'comment': ' Production ELK Cluster Y.A 02.02.19'}]]
161, DMZ1554_access_in_#93, DMZ1554, Any, OpenShift_Cluster_SJ, Couchdb_OpenShift_Servers-WC_MIG, Any, Couchbase_Node_to_Client-WC_MIG, ['Any'], ['Any'], [], ALLOW, True, NULL, Default-Set, NULL, False, True, True, True, NULL, [[{'user': {'name': 'plesogor', 'type': 'User'}, 'date': '2022-06-10T04:32:36.000+0000', 'comment': ' SJ CouchDB Cluster SA 3.20.19'}]]
162, DMZ1554_access_in_#94, DMZ1554, Any, OpenShift_Cluster_SJ, Database-Servers-WC_MIG, Any, 1521, ['Any'], ['Any'], [], ALLOW, True, NULL, Default-Set, NULL, False, True, True, True, NULL, [[{'user': {'name': 'plesogor', 'type': 'User'}, 'date': '2022-06-10T04:32:36.000+0000', 'comment': ' SJ Oracle DB Cluster SA 3.20.19 SA 12.16.19'}]]
163, DMZ1554_access_in_#95, DMZ1554, Any, OpenShift_Cluster_SJ, Waltham_Central_DB_4.17.19-WC_MIG;oradbp01-vip;oradbp02-vip;oradbp03-vip;oradbp04-vip, Any, 1521, ['Any'], ['Any'], [], ALLOW, True, NULL, Default-Set, NULL, False, True, True, True, NULL, [[{'user': {'name': 'plesogor', 'type': 'User'}, 'date': '2022-06-10T04:32:36.000+0000', 'comment': ' Central Oracle DB Cluster SA 3.20.19'}]]
164, DMZ1554_access_in_#96, DMZ1554, Any, OpenShift_Cluster_SJ, appmon01p;Waltham_ELK_Servers;Applog01p, Any, 6379, ['Any'], ['Any'], [], ALLOW, False, NULL, Default-Set, NULL, False, True, True, True, NULL, [[{'user': {'name': 'plesogor', 'type': 'User'}, 'date': '2022-06-10T04:32:36.000+0000', 'comment': ' Waltham Production ELK Stack SA 3.20.19'}]]
165, DMZ1554_access_in_#97, DMZ1554, Any, OpenShift_Cluster_SJ, esnode1;esnode2;esnode3, Any, 9200, ['Any'], ['Any'], [], ALLOW, True, NULL, Default-Set, NULL, False, True, True, True, NULL, [[{'user': {'name': 'plesogor', 'type': 'User'}, 'date': '2022-06-10T04:32:36.000+0000', 'comment': ' Waltham OpenShift ELK Stack SA 3.20.19'}]]
166, DMZ1554_access_in_#98, DMZ1554, Any, OpenShift_Cluster_SJ, zabbix1, Any, 10051, ['Any'], ['Any'], [], ALLOW, True, NULL, Default-Set, NULL, False, True, True, True, NULL, [[{'user': {'name': 'plesogor', 'type': 'User'}, 'date': '2022-06-10T04:32:36.000+0000', 'comment': ' Waltham OpenShift Monitoring SA 3.20.19'}]]
167, DMZ1554_access_in_#99, DMZ1554, Any, dtapp0302p, wolterskluwercdi, Any, 8085, ['Any'], ['Any'], [], ALLOW, True, NULL, Default-Set, NULL, False, True, True, True, NULL, [[{'user': {'name': 'plesogor', 'type': 'User'}, 'date': '2022-06-10T04:32:36.000+0000', 'comment': ' SJ to NTT 8085 SA 6.25.19'}]]
168, DMZ1554_access_in_#100, DMZ1554, Any, dtapp_servers-WC_MIG, dtdb0202p;OBJ-10.15.56.165, Any, 5432;5433;5434, ['Any'], ['Any'], [], ALLOW, True, NULL, Default-Set, NULL, False, True, True, True, NULL, [[{'user': {'name': 'plesogor', 'type': 'User'}, 'date': '2022-06-10T04:32:36.000+0000', 'comment': ' PostgreSQL App to DB Communication on new ports FT 07.09.2019'}]]
169, DMZ1554_access_in_#101, DMZ1554, Any, Harmonization_Application_Servers-WC_MIG, Harmonization_Database_Servers-WC_MIG, Any, 1433, ['Any'], ['Any'], [], ALLOW, True, NULL, Default-Set, NULL, False, True, True, True, NULL, [[{'user': {'name': 'plesogor', 'type': 'User'}, 'date': '2022-06-10T04:32:36.000+0000', 'comment': ' Content Harmonization Database Server for Production SJ SA 8.6.19'}]]
170, DMZ1554_access_in_#102, DMZ1554, Any, Harmonization_Application_Servers-WC_MIG, 10.1.101.141;10.1.101.142;10.1.101.143;10.1.101.144;edhq03p, Any, 1433, ['Any'], ['Any'], [], ALLOW, True, NULL, Default-Set, NULL, True, True, True, True, NULL, [[{'user': {'name': 'plesogor', 'type': 'User'}, 'date': '2022-06-10T04:32:36.000+0000', 'comment': ' Content Harmonization Database Server for Production/Waltham SA 8.6.19'}, {'user': {'name': 'a-rezeh', 'type': 'User'}, 'date': '2023-12-07T06:45:53.000+0000', 'comment': 'CECR-4904 '}]]
171, DMZ1554_access_in_#103, DMZ1554, Any, osesx0102p;osesx0202p, vm0102p;vm0202p;vm0302p, Any, obj_tcp_902;obj_tcp_8000, ['Any'], ['Any'], [], ALLOW, True, NULL, Default-Set, NULL, False, True, True, True, NULL, [[{'user': {'name': 'plesogor', 'type': 'User'}, 'date': '2022-06-10T04:32:36.000+0000', 'comment': ' VMWare vmotion to move VM between SJ clusters -Temp - SA 2.25.20'}]]
172, DMZ1554_access_in_#104, DMZ1554, Any, Vcenter_SJ, Waltham_Domain_Controllers-WC_MIG, Any, obj_tcp_389;obj_tcp_636, ['Any'], ['Any'], [], ALLOW, True, NULL, Default-Set, NULL, False, True, True, True, NULL, [[{'user': {'name': 'plesogor', 'type': 'User'}, 'date': '2022-06-10T04:32:36.000+0000', 'comment': ' SJ VMWare to WA DC SA 3.19.20'}]]
173, DMZ1554_access_in_#105, DMZ1554, Any, Zabbix_SJ, Zabbix_Waltham, Any, Zabbix, ['Any'], ['Any'], [], ALLOW, True, NULL, Default-Set, NULL, False, True, True, True, NULL, [[{'user': {'name': 'plesogor', 'type': 'User'}, 'date': '2022-06-10T04:32:36.000+0000', 'comment': ' Zabbix to Waltham'}]]
174, DMZ1554_access_in_#106, DMZ1554, Any, awsmtp0102p, any, Any, obj_tcp_587;obj_tcp_25, ['Any'], ['Any'], [], ALLOW, True, NULL, Default-Set, NULL, False, True, True, True, NULL, [[{'user': {'name': 'plesogor', 'type': 'User'}, 'date': '2022-06-10T04:32:36.000+0000', 'comment': ' Postfix server San Jose to AWS SMTP'}]]
175, DMZ1554_access_in_#107, DMZ1554, Any, 10.15.54.0/24, any, Any, SJ-SMTP, ['Any'], ['Any'], [], ALLOW, True, NULL, Default-Set, NULL, False, True, True, True, NULL, [[{'user': {'name': 'plesogor', 'type': 'User'}, 'date': '2022-06-10T04:32:36.000+0000', 'comment': ' SJ SMTP out  SA 6.15.20'}]]
176, DMZ1554_access_in_#108, DMZ1554, Any, 10.15.54.0/24, EC-DMZ2064, Any, Any, ['Any'], ['Any'], [], ALLOW, True, NULL, Default-Set, NULL, False, True, True, True, NULL, ['Not Applicable']
177, DMZ1554_access_in_#109, DMZ1554, Any, Couchbase_GW_SJ_VIP;cbsgwweb0102p-bk;cbsgwweb0202p-bk, Waltham_ELK_Servers, Any, obj_tcp_6379;obj_tcp_8200, ['Any'], ['Any'], [], ALLOW, True, NULL, Default-Set, NULL, False, True, True, True, NULL, [[{'user': {'name': 'plesogor', 'type': 'User'}, 'date': '2022-06-10T04:32:36.000+0000', 'comment': ' Couchbase Sync Gateway Application Servers to ELK Cluster SA 1.5.21'}]]
178, DMZ1554_access_in_#110, DMZ1554, Any, App_Servers-WC_MIG, OBJ-10.15.50.101, Any, obj_tcp_80;obj_tcp_443, ['Any'], ['Any'], [], ALLOW, True, NULL, Default-Set, NULL, False, True, True, True, NULL, [[{'user': {'name': 'plesogor', 'type': 'User'}, 'date': '2022-06-10T04:32:36.000+0000', 'comment': ' WebApp servers  in VLAN54access to the UTD WebApp Internal VIPS in VLAN50 Y.A 12.09.21'}]]
179, DMZ1554_access_in_#111, DMZ1554, Any, 10.15.54.0/24, ome02p, Any, OME_UDP, ['Any'], ['Any'], [], ALLOW, True, NULL, Default-Set, NULL, False, True, True, True, NULL, [[{'user': {'name': 'plesogor', 'type': 'User'}, 'date': '2022-06-10T04:32:36.000+0000', 'comment': ' allow snmp traps to Dell OME server for monitoring Y.A 01.05.22'}]]
180, DMZ1554_access_in_#112, DMZ1554, Any, OBJ-10.15.54.208, OBJ-10.15.56.165, Any, Any, ['Any'], ['Any'], [], ALLOW, True, NULL, Default-Set, NULL, True, True, True, True, NULL, [[{'user': {'name': 'plesogor', 'type': 'User'}, 'date': '2022-06-10T04:32:36.000+0000', 'comment': ' test atlassian region Y.A 2.1.2022'}]]
181, DMZ1554_access_in_#114, DMZ1554, Any, OBJ-10.15.54.211;OBJ-10.15.54.212;OBJ-10.15.54.213;OBJ-10.15.54.214, OBJ-10.15.56.194, Any, 5432;5433;5434, ['Any'], ['Any'], [], ALLOW, True, NULL, Default-Set, NULL, True, True, True, True, NULL, ['Not Applicable']
182, DMZ1554_access_in_#115, DMZ1554, Any, Vcenter_SJ, OBJ-10.15.56.60;OBJ-10.15.56.61, Any, Any, ['Any'], ['Any'], [], ALLOW, True, NULL, Default-Set, NULL, True, True, True, True, NULL, [[{'user': {'name': 'a-rezeh', 'type': 'User'}, 'date': '2023-11-28T08:15:26.000+0000', 'comment': 'CECR-4847'}]]
183, DMZ1554_access_in_#116, Any, DMZ1554, OBJ-10.15.56.60;OBJ-10.15.56.61, Vcenter_SJ, Any, Any, ['Any'], ['Any'], [], ALLOW, True, NULL, Default-Set, NULL, True, True, True, True, NULL, [[{'user': {'name': 'a-rezeh', 'type': 'User'}, 'date': '2023-11-28T03:27:08.000+0000', 'comment': 'CECR-4847'}]]
184, DMZ1554_access_in_#117, DMZ1554, Any, OBJ-10.15.54.0, OBJ-10.1.110.210, Any, Any, ['Any'], ['Any'], [], ALLOW, True, NULL, Default-Set, NULL, True, True, True, True, NULL, ['Not Applicable']
185, DMZ1554_access_in_#118, DMZ1554, Any, Atlassian_SJ_RH7_Temp, Atlassian_SJ_RH8_PostgresDB, Any, 5432, ['Any'], ['Any'], [], ALLOW, False, NULL, Default-Set, NULL, True, True, True, True, NULL, ['Not Applicable']
186, inside-in_#1, Inside1558, Any, 10.1.101.105;10.1.101.106;sepmgr01p, FC_ADServer-WC_MIG;FC_DatabaseServers_Content-WC_MIG;FC_WebServers_Bk-WC_MIG;WCWebAppServers, Any, Symantec-AV-Management, ['Any'], ['Any'], [], ALLOW, True, NULL, Default-Set, NULL, False, True, True, True, NULL, [[{'user': {'name': 'plesogor', 'type': 'User'}, 'date': '2022-06-10T04:32:36.000+0000', 'comment': ' SA 6.22.18'}]]
187, inside-in_#2, Inside1558, Any, 10.1.30.0/24, FC_ADServer-WC_MIG;FC_DatabaseServers_Content-WC_MIG;FC_DatabaseServers_User-WC_MIG;FC_WebServers_Bk-WC_MIG;WCWebAppServers, Any, Symantec-AV-Management, ['Any'], ['Any'], [], ALLOW, True, NULL, Default-Set, NULL, False, True, True, True, NULL, ['Not Applicable']
188, inside-in_#3, Inside1558, Any, NetIQSystems-WC_MIG, 10.15.54.80, Any, netIQ2_tcp-WC_MIG, ['Any'], ['Any'], [], ALLOW, True, NULL, Default-Set, NULL, False, True, True, True, NULL, [[{'user': {'name': 'plesogor', 'type': 'User'}, 'date': '2022-06-10T04:32:36.000+0000', 'comment': ' NetIQ_6.25.15 - Edit'}]]
189, inside-in_#4, Inside1558, Any, NetIQSystems-WC_MIG, FC_WebServers_Bk-WC_MIG;WCWebAppServers, Any, NetIQ-WC_MIG, ['Any'], ['Any'], [], ALLOW, True, NULL, Default-Set, NULL, False, True, True, True, NULL, [[{'user': {'name': 'plesogor', 'type': 'User'}, 'date': '2022-06-10T04:32:36.000+0000', 'comment': ' NetIQ_6.25.15 - Edit'}]]
190, inside-in_#5, Inside1558, Any, NetIQSystems-WC_MIG, Database-Servers-WC_MIG;FC_ADServer-WC_MIG;FC_DatabaseServers_Content-WC_MIG;FC_DatabaseServers_User-WC_MIG, Any, NetIQ-WC_MIG, ['Any'], ['Any'], [], ALLOW, True, NULL, Default-Set, NULL, False, True, True, True, NULL, [[{'user': {'name': 'plesogor', 'type': 'User'}, 'date': '2022-06-10T04:32:36.000+0000', 'comment': ' NetIQ_6.25.15 - Edit'}]]
191, inside-in_#6, Inside1558, Any, Nagios_Servers, 10.15.0.0/16, Any, obj_tcp_5567;obj_tcp_5666;obj_tcp_80;obj_tcp_22;obj_tcp_12489;obj_tcp_161, ['Any'], ['Any'], [], ALLOW, False, NULL, Default-Set, NULL, False, True, True, True, NULL, [[{'user': {'name': 'plesogor', 'type': 'User'}, 'date': '2022-06-10T04:32:36.000+0000', 'comment': ' For Nagios Waltham to WF'}]]
192, inside-in_#7, Inside1558, Any, 10.1.101.166, FC_WebServers_Bk-WC_MIG;WCWebAppServers, Any, HP_InSight_1-WC_MIG, ['Any'], ['Any'], [], ALLOW, False, NULL, Default-Set, NULL, False, True, True, True, NULL, [[{'user': {'name': 'plesogor', 'type': 'User'}, 'date': '2022-06-10T04:32:36.000+0000', 'comment': ' Waltham West Coast HP Hardware Server Monitoring'}]]
193, inside-in_#8, Inside1558, Any, 10.1.101.166, FC_WebServers_Bk-WC_MIG;WCWebAppServers, Any, HP_Insight_4-WC_MIG, ['Any'], ['Any'], [], ALLOW, False, NULL, Default-Set, NULL, False, True, True, True, NULL, [[{'user': {'name': 'plesogor', 'type': 'User'}, 'date': '2022-06-10T04:32:36.000+0000', 'comment': ' For System Discovery reply back to Insight01p'}, {'user': {'name': 'plesogor', 'type': 'User'}, 'date': '2022-06-10T04:32:36.000+0000', 'comment': ' For System Discovery reply back to Insight01p'}, {'user': {'name': 'plesogor', 'type': 'User'}, 'date': '2022-06-10T04:32:36.000+0000', 'comment': ' Waltham West Coast HP Hardware Server Monitoring'}]]
194, inside-in_#9, Inside1558, Any, 10.1.101.166, FC_DatabaseServers_Content-WC_MIG;FC_DatabaseServers_User-WC_MIG;WCDBServers, Any, HP_InSight_1-WC_MIG, ['Any'], ['Any'], [], ALLOW, False, NULL, Default-Set, NULL, False, True, True, True, NULL, [[{'user': {'name': 'plesogor', 'type': 'User'}, 'date': '2022-06-10T04:32:36.000+0000', 'comment': ' For System Discovery reply back to Insight01p'}, {'user': {'name': 'plesogor', 'type': 'User'}, 'date': '2022-06-10T04:32:36.000+0000', 'comment': ' Waltham West Coast HP Hardware Server Monitoring'}]]
195, inside-in_#10, Inside1558, Any, 10.1.101.166, FC_DatabaseServers_Content-WC_MIG;FC_DatabaseServers_User-WC_MIG;WCDBServers, Any, HP_Insight_4-WC_MIG, ['Any'], ['Any'], [], ALLOW, False, NULL, Default-Set, NULL, False, True, True, True, NULL, [[{'user': {'name': 'plesogor', 'type': 'User'}, 'date': '2022-06-10T04:32:36.000+0000', 'comment': ' For System Discovery reply back to Insight01p'}]]
196, inside-in_#11, Inside1558, Any, 10.254.250.0/24, FC_WebServers_Bk-WC_MIG;WCWebAppServers, Any, HP_InSight_2, ['Any'], ['Any'], [], ALLOW, True, NULL, Default-Set, NULL, False, True, True, True, NULL, [[{'user': {'name': 'plesogor', 'type': 'User'}, 'date': '2022-06-10T04:32:36.000+0000', 'comment': ' Waltham Tech Group Access to HP Web Management'}]]
197, inside-in_#12, Inside1558, Any, TechGroup-WC_MIG, 10.15.50.175;10.15.50.176;FC_WebServers_Bk-WC_MIG;WCDBServers, Any, HP_InSight_2, ['Any'], ['Any'], [], ALLOW, True, NULL, Default-Set, NULL, False, True, True, True, NULL, ['Not Applicable']
198, inside-in_#13, Inside1558, Any, TechGroup-WC_MIG, any, Any, HP_iLo, ['Any'], ['Any'], [], ALLOW, True, NULL, Default-Set, NULL, False, True, True, True, NULL, [[{'user': {'name': 'plesogor', 'type': 'User'}, 'date': '2022-06-10T04:32:36.000+0000', 'comment': ' Waltham Tech Group Access to HP Web Management'}, {'user': {'name': 'plesogor', 'type': 'User'}, 'date': '2022-06-10T04:32:36.000+0000', 'comment': ' Rule for Tech Group to HP iLo Cards Remote Console and Virtual Resources'}]]
199, inside-in_#14, Inside1558, Any, TechGroup-WC_MIG, 10.15.54.60;10.15.54.61;10.15.54.62;10.15.54.63, Any, 2837, ['Any'], ['Any'], [], ALLOW, True, NULL, Default-Set, NULL, False, True, True, True, NULL, [[{'user': {'name': 'plesogor', 'type': 'User'}, 'date': '2022-06-10T04:32:36.000+0000', 'comment': ' R1 Console Connectivity'}]]
200, inside-in_#15, Inside1558, Any, TechGroup-WC_MIG, any, Any, 1311, ['Any'], ['Any'], [], ALLOW, True, NULL, Default-Set, NULL, False, True, True, True, NULL, [[{'user': {'name': 'plesogor', 'type': 'User'}, 'date': '2022-06-10T04:32:36.000+0000', 'comment': ' For Dell ITA'}]]
201, inside-in_#16, Inside1558, Any, TechGroup-WC_MIG, 10.15.54.179, Any, HPKVM, ['Any'], ['Any'], [], ALLOW, True, NULL, Default-Set, NULL, False, True, True, True, NULL, [[{'user': {'name': 'plesogor', 'type': 'User'}, 'date': '2022-06-10T04:32:36.000+0000', 'comment': ' Rule for Tech Group to HP KVM'}]]
202, inside-in_#17, Inside1558, Any, TechGroup-WC_MIG, 10.15.56.170, Any, HPKVM, ['Any'], ['Any'], [], ALLOW, True, NULL, Default-Set, NULL, False, True, True, True, NULL, [[{'user': {'name': 'plesogor', 'type': 'User'}, 'date': '2022-06-10T04:32:36.000+0000', 'comment': ' Rule for Tech Group to UTD HP KVM'}]]
203, inside-in_#18, Inside1558, Any, TechGroup-WC_MIG, any, Any, 80, ['Any'], ['Any'], [], ALLOW, True, NULL, Default-Set, NULL, False, True, True, True, NULL, [[{'user': {'name': 'plesogor', 'type': 'User'}, 'date': '2022-06-10T04:32:36.000+0000', 'comment': ' Waltham Tech Group Access to HP Web Management'}]]
204, inside-in_#19, Inside1558, Any, TechGroup-WC_MIG, any, Any, 443, ['Any'], ['Any'], [], ALLOW, True, NULL, Default-Set, NULL, False, True, True, True, NULL, [[{'user': {'name': 'plesogor', 'type': 'User'}, 'date': '2022-06-10T04:32:36.000+0000', 'comment': ' Waltham Tech Group Access to HP Web Management'}]]
205, inside-in_#20, Inside1558, Any, TechGroup-WC_MIG, 10.15.54.51, Any, 902, ['Any'], ['Any'], [], ALLOW, True, NULL, Default-Set, NULL, False, True, True, True, NULL, [[{'user': {'name': 'plesogor', 'type': 'User'}, 'date': '2022-06-10T04:32:36.000+0000', 'comment': ' Vsphere Mang'}]]
206, inside-in_#21, Inside1558, Any, TechGroup-WC_MIG, any, Any, 22, ['Any'], ['Any'], [], ALLOW, True, NULL, Default-Set, NULL, False, True, True, True, NULL, ['Not Applicable']
207, inside-in_#22, Inside1558, Any, TechGroup-WC_MIG, any, Any, PCAnywhere_tcp, ['Any'], ['Any'], [], ALLOW, True, NULL, Default-Set, NULL, False, True, True, True, NULL, [[{'user': {'name': 'plesogor', 'type': 'User'}, 'date': '2022-06-10T04:32:36.000+0000', 'comment': ' Rule for Tech Group to HP iLo Cards Remote Console and Virtual Resources'}]]
208, inside-in_#23, Inside1558, Any, TechGroup-WC_MIG, any, Any, PCAnywhere_udp, ['Any'], ['Any'], [], ALLOW, True, NULL, Default-Set, NULL, False, True, True, True, NULL, ['Not Applicable']
209, inside-in_#24, Inside1558, Any, TechGroup-WC_MIG, any, Any, 3389, ['Any'], ['Any'], [], ALLOW, True, NULL, Default-Set, NULL, False, True, True, True, NULL, [[{'user': {'name': 'plesogor', 'type': 'User'}, 'date': '2022-06-10T04:32:36.000+0000', 'comment': ' RDP'}]]
210, inside-in_#25, Inside1558, Any, TechGroup-WC_MIG, 10.15.56.0/24, Any, 1521, ['Any'], ['Any'], [], ALLOW, True, NULL, Default-Set, NULL, False, True, True, True, NULL, ['Not Applicable']
211, inside-in_#26, Inside1558, Any, TechGroup-WC_MIG, 10.15.50.101;10.15.50.200;10.15.50.230;10.15.54.21;10.15.54.22, Any, 6081, ['Any'], ['Any'], [], ALLOW, True, NULL, Default-Set, NULL, False, True, True, True, NULL, [[{'user': {'name': 'plesogor', 'type': 'User'}, 'date': '2022-06-10T04:32:36.000+0000', 'comment': ' For Varnish monitoring and testing'}]]
212, inside-in_#27, Inside1558, Any, TechGroup-WC_MIG, any, Any, Any, ['Any'], ['Any'], [], ALLOW, True, NULL, Default-Set, NULL, False, True, True, True, NULL, ['Not Applicable']
213, inside-in_#28, Inside1558, Any, any, any, Any, Any, ['Any'], ['Any'], [], ALLOW, True, NULL, Default-Set, NULL, False, True, True, True, NULL, ['Not Applicable']
214, inside-in_#29, Inside1558, Any, 10.1.101.0/24, 10.15.0.0/16, Any, Cisco-LMS-UDP, ['Any'], ['Any'], [], ALLOW, True, NULL, Default-Set, NULL, False, True, True, True, NULL, ['Not Applicable']
215, inside-in_#30, Inside1558, Any, 10.1.101.193;Waltham_Central_DB_4.17.19-WC_MIG, 10.15.0.0/16, Any, Cisco-LMS-TCP, ['Any'], ['Any'], [], ALLOW, True, NULL, Default-Set, NULL, False, True, True, True, NULL, ['Not Applicable']
216, inside-in_#31, Inside1558, Any, TechGroup-WC_MIG, Database-Servers-WC_MIG, Any, 1521, ['Any'], ['Any'], [], ALLOW, True, NULL, Default-Set, NULL, False, True, True, True, NULL, ['Not Applicable']
217, inside-in_#32, Inside1558, Any, TechGroup-WC_MIG, 10.15.0.0/16, Any, 5900, ['Any'], ['Any'], [], ALLOW, True, NULL, Default-Set, NULL, False, True, True, True, NULL, ['Not Applicable']
218, inside-in_#33, Inside1558, Any, WalthamDBServers-WC_MIG, Database-Servers-WC_MIG, Any, 1521, ['Any'], ['Any'], [], ALLOW, True, NULL, Default-Set, NULL, False, True, True, True, NULL, [[{'user': {'name': 'plesogor', 'type': 'User'}, 'date': '2022-06-10T04:32:36.000+0000', 'comment': ' DB Replication'}]]
219, inside-in_#34, Inside1558, Any, 10.1.101.0/24, 10.15.0.0/16, PortLiteral, Cisco-LMS-UDP, ['Any'], ['Any'], [], ALLOW, True, NULL, Default-Set, NULL, False, True, True, True, NULL, ['Not Applicable']
220, inside-in_#35, Inside1558, Any, TechGroup-WC_MIG, Tomcat-Servers-WC_MIG, Any, 8080, ['Any'], ['Any'], [], ALLOW, True, NULL, Default-Set, NULL, False, True, True, True, NULL, ['Not Applicable']
221, inside-in_#36, Inside1558, Any, 10.1.101.104;192.168.0.26, WCWebAppServers, Any, R1Replication, ['Any'], ['Any'], [], ALLOW, True, NULL, Default-Set, NULL, False, True, True, True, NULL, [[{'user': {'name': 'plesogor', 'type': 'User'}, 'date': '2022-06-10T04:32:36.000+0000', 'comment': ' R1Replication'}]]
222, inside-in_#37, Inside1558, Any, WalthamDBServers-WC_MIG, Database-Servers-WC_MIG, Any, 61616, ['Any'], ['Any'], [], ALLOW, True, NULL, Default-Set, NULL, False, True, True, True, NULL, ['Not Applicable']
223, inside-in_#38, Inside1558, Any, OracleGridServers, Database-Servers-WC_MIG, Any, DB_Replication, ['Any'], ['Any'], [], ALLOW, True, NULL, Default-Set, NULL, False, True, True, True, NULL, ['Not Applicable']
224, inside-in_#39, Inside1558, Any, TechGroup-WC_MIG, Database-Servers-WC_MIG, Any, 1099, ['Any'], ['Any'], [], ALLOW, True, NULL, Default-Set, NULL, False, True, True, True, NULL, ['Not Applicable']
225, inside-in_#40, Inside1558, Any, TechGroup-WC_MIG, Database-Servers-WC_MIG, Any, 8161, ['Any'], ['Any'], [], BLOCK, True, NULL, Default-Set, NULL, True, False, True, True, NULL, [[{'user': {'name': 'plesogor', 'type': 'User'}, 'date': '2022-06-10T04:32:36.000+0000', 'comment': ' ActiveMQ (JMS Broker) version 5.2 includes a monitoring web applicationserved up 8161'}]]
226, inside-in_#41, Inside1558, Any, WalthamDBServers-WC_MIG, Database-Servers-WC_MIG, Any, 61617, ['Any'], ['Any'], [], ALLOW, True, NULL, Default-Set, NULL, False, True, True, True, NULL, ['Not Applicable']
227, inside-in_#42, Inside1558, Any, 10.254.251.0/24;TechGroup-WC_MIG, 10.15.50.175;10.15.50.176;FC_ADServer-WC_MIG;FC_DAS-WC_MIG;FC_DatabaseServers_Content-WC_MIG;FC_DatabaseServers_User-WC_MIG, Any, 21, ['Any'], ['Any'], [], ALLOW, True, NULL, Default-Set, NULL, False, True, True, True, NULL, [[{'user': {'name': 'plesogor', 'type': 'User'}, 'date': '2022-06-10T04:32:36.000+0000', 'comment': ' FTP to FC Servers only from 2Factor VPN'}]]
228, inside-in_#43, Inside1558, Any, TechGroup-WC_MIG, ACDS_MGM_Inbound_FromWaltham-WC_MIG, Any, obj_tcp_902;obj_tcp_903;obj_tcp_80;obj_tcp_443;obj_tcp_22, ['Any'], ['Any'], [], ALLOW, True, NULL, Default-Set, NULL, False, True, True, True, NULL, [[{'user': {'name': 'plesogor', 'type': 'User'}, 'date': '2022-06-10T04:32:36.000+0000', 'comment': ' ACDS - Inbound Tech Group Waltham Mgt SA 5.23.16'}]]
229, inside-in_#44, Inside1558, Any, dtdb0102p;dtdb0202p, dtapp0102p;dtapp0202p;dtapp0302p, Any, 5432, ['Any'], ['Any'], [], ALLOW, True, NULL, Default-Set, NULL, False, True, True, True, NULL, [[{'user': {'name': 'plesogor', 'type': 'User'}, 'date': '2022-06-10T04:32:36.000+0000', 'comment': ' access postgres db'}]]
230, inside-in_#45, Inside1558, Any, Offshore_Testers, 10.15.50.200;10.15.50.230, Any, obj_tcp_80;obj_tcp_6081, ['Any'], ['Any'], [], ALLOW, False, NULL, Default-Set, NULL, False, True, True, True, NULL, [[{'user': {'name': 'plesogor', 'type': 'User'}, 'date': '2022-06-10T04:32:36.000+0000', 'comment': ' Offshore Testing'}]]
231, DMZ1556_access_in_#1, DMZ1556, Any, 10.15.56.0/24, 10.245.22.6, Any, 636, ['Any'], ['Any'], [], ALLOW, True, NULL, Default-Set, NULL, False, True, True, True, NULL, ['Not Applicable']
232, DMZ1556_access_in_#2, DMZ1556, Any, 10.15.56.0/24, 10.245.22.5, Any, 636, ['Any'], ['Any'], [], ALLOW, True, NULL, Default-Set, NULL, False, True, True, True, NULL, ['Not Applicable']
233, DMZ1556_access_in_#3, DMZ1556, Any, 10.15.56.254, 10.232.124.14, Any, Any, ['Any'], ['Any'], [], ALLOW, True, NULL, Default-Set, NULL, False, True, True, True, NULL, ['Not Applicable']
234, DMZ1556_access_in_#4, DMZ1556, Any, any, BlockOut-WC_MIG, Any, Any, ['Any'], ['Any'], [], BLOCK, True, NULL, Default-Set, NULL, True, False, True, True, NULL, [[{'user': {'name': 'plesogor', 'type': 'User'}, 'date': '2022-06-10T04:32:36.000+0000', 'comment': ' Block to INET SA 12.23.18'}]]
235, DMZ1556_access_in_#5, DMZ1556, Any, FC_ADServer-WC_MIG;FC_DatabaseServers_Content-WC_MIG;FC_DatabaseServers_User-WC_MIG, any, Any, obj_tcp_80;obj_tcp_443, ['Any'], ['Any'], [], ALLOW, True, NULL, Default-Set, NULL, False, True, True, True, NULL, [[{'user': {'name': 'plesogor', 'type': 'User'}, 'date': '2022-06-10T04:32:36.000+0000', 'comment': ' FC for windows patching'}]]
236, DMZ1556_access_in_#6, DMZ1556, Any, Database-Servers-WC_MIG, RH-Servers, Any, obj_tcp_80;obj_tcp_443, ['Any'], ['Any'], [], ALLOW, True, NULL, Default-Set, NULL, False, True, True, True, NULL, [[{'user': {'name': 'plesogor', 'type': 'User'}, 'date': '2022-06-10T04:32:36.000+0000', 'comment': ' Red Hat Servers'}]]
237, DMZ1556_access_in_#7, DMZ1556, Any, 10.15.56.177;10.15.56.178, 74.209.176.132, Any, 22, ['Any'], ['Any'], [], ALLOW, True, NULL, Default-Set, NULL, False, True, True, True, NULL, [[{'user': {'name': 'plesogor', 'type': 'User'}, 'date': '2022-06-10T04:32:36.000+0000', 'comment': ' FC to secure.scoutanalytics.com'}]]
238, DMZ1556_access_in_#8, DMZ1556, Any, 10.15.56.251;10.15.56.254, 10.1.101.78;10.1.101.79, Any, 49, ['Any'], ['Any'], [], ALLOW, True, NULL, Default-Set, NULL, False, True, True, True, NULL, [[{'user': {'name': 'plesogor', 'type': 'User'}, 'date': '2022-06-10T04:32:36.000+0000', 'comment': ' For TACACS Waltham'}]]
239, DMZ1556_access_in_#9, DMZ1556, Any, 10.15.56.0/24, any, Any, obj_tcp_80;obj_tcp_443;obj_tcp_21, ['Any'], ['Any'], [], ALLOW, True, NULL, Default-Set, NULL, True, True, True, True, NULL, [[{'user': {'name': 'plesogor', 'type': 'User'}, 'date': '2022-06-10T04:32:36.000+0000', 'comment': ' vlan 1556 out to INET  - Firecall'}, {'user': {'name': 'a-yayyub', 'type': 'User'}, 'date': '2023-11-27T11:51:00.000+0000', 'comment': 'Y.A 11,27 7:00 am'}]]
240, DMZ1556_access_in_#10, DMZ1556, Any, 10.15.56.0/24, CrowdStrike_LFODownload_Servers;CrowdStrike_Term_Servers;Snow_Agent;GBS_OpsRamp, Any, 443, ['Any'], ['Any'], [], ALLOW, True, NULL, Default-Set, NULL, False, True, True, True, NULL, [[{'user': {'name': 'plesogor', 'type': 'User'}, 'date': '2022-06-10T04:32:36.000+0000', 'comment': ' CrowdStrike ACL 443 outbound to White List IP SA 5.30.19'}]]
241, DMZ1556_access_in_#11, DMZ1556, Any, 10.15.56.0/24, any, Any, 123, ['Any'], ['Any'], [], ALLOW, True, NULL, Default-Set, NULL, False, True, True, True, NULL, [[{'user': {'name': 'plesogor', 'type': 'User'}, 'date': '2022-06-10T04:32:36.000+0000', 'comment': ' vlan 1556 out to INET NTP'}]]
242, DMZ1556_access_in_#12, DMZ1556, Any, FC_ADServer-WC_MIG;FC_DAS-WC_MIG;FC_DatabaseServers_Content-WC_MIG;FC_DatabaseServers_User-WC_MIG, 10.15.50.80;FC_WebServers_Bk-WC_MIG, Any, Any, ['Any'], ['Any'], [], ALLOW, True, NULL, Default-Set, NULL, False, True, True, True, NULL, ['Not Applicable']
243, DMZ1556_access_in_#13, DMZ1556, Any, Database-Servers-WC_MIG, WalthamDBServers-WC_MIG, Any, 1521, ['Any'], ['Any'], [], ALLOW, True, NULL, Default-Set, NULL, False, True, True, True, NULL, ['Not Applicable']
244, DMZ1556_access_in_#14, DMZ1556, Any, 10.15.56.100;10.15.56.101;10.15.56.171;10.15.56.172;10.15.56.173;WCDBServers;Atlassian_Servers_SJ_56, 10.1.120.2;10.204.221.57;10.204.221.58, Any, 25, ['Any'], ['Any'], [], ALLOW, True, NULL, Default-Set, NULL, False, True, True, True, NULL, ['Not Applicable']
245, DMZ1556_access_in_#15, DMZ1556, Any, WC_DAS, 10.1.120.2, Any, 25, ['Any'], ['Any'], [], ALLOW, True, NULL, Default-Set, NULL, False, True, True, True, NULL, ['Not Applicable']
246, DMZ1556_access_in_#16, DMZ1556, Any, Database-Servers-WC_MIG, dc04p;utd-dc01;utd-dc02, Any, centrify, ['Any'], ['Any'], [], ALLOW, True, NULL, Default-Set, NULL, False, True, True, True, NULL, [[{'user': {'name': 'plesogor', 'type': 'User'}, 'date': '2022-06-10T04:32:36.000+0000', 'comment': " Centrify comunication to Waltham DC's YA 8.9.16"}]]
247, DMZ1556_access_in_#17, DMZ1556, Any, 10.15.56.171;10.15.56.172;10.15.56.173;couchdb0402p;couchdb0502p, 10.1.101.174;couchb01p, Any, Couchbase_Node_to_Node-WC_MIG, ['Any'], ['Any'], [], ALLOW, True, NULL, Default-Set, NULL, False, True, True, True, NULL, [[{'user': {'name': 'plesogor', 'type': 'User'}, 'date': '2022-06-10T04:32:36.000+0000', 'comment': ' Couch-base rule Node to Node SA 8.23.16 Modfied 2.20.18'}]]
248, DMZ1556_access_in_#18, DMZ1556, Any, Database-Servers-WC_MIG, 10.1.101.250, Any, obj_tcp_5063;obj_tcp_555, ['Any'], ['Any'], [], ALLOW, True, NULL, Default-Set, NULL, False, True, True, True, NULL, [[{'user': {'name': 'plesogor', 'type': 'User'}, 'date': '2022-06-10T04:32:36.000+0000', 'comment': " Centrify comunication to Waltham DC's YA 8.9.16"}]]
249, DMZ1556_access_in_#19, DMZ1556, Any, FC_DAS-WC_MIG;FC_DatabaseServers_Content-WC_MIG;FC_DatabaseServers_User-WC_MIG;WCDBServers;FC_ADServer-WC_MIG, WalthamDNSServers-WC_MIG, Any, 53, ['Any'], ['Any'], [], ALLOW, True, NULL, Default-Set, NULL, False, True, True, True, NULL, ['Not Applicable']
250, DMZ1556_access_in_#20, DMZ1556, Any, 10.15.56.0/24, any, Any, 53;53, ['Any'], ['Any'], [], ALLOW, True, NULL, Default-Set, NULL, False, True, True, True, NULL, [[{'user': {'name': 'plesogor', 'type': 'User'}, 'date': '2022-06-10T04:32:36.000+0000', 'comment': ' For outbound DNS requests from 10.15.56.0 to INET'}]]
251, DMZ1556_access_in_#21, DMZ1556, Any, FC_ADServer-WC_MIG;FC_DatabaseServers_Content-WC_MIG;FC_DatabaseServers_User-WC_MIG;eddb0102p, 10.1.101.105;10.1.30.0/24;10.1.101.106;WalthamDNSServers-WC_MIG;sepmgr01p, Any, Symantec-AV-Management, ['Any'], ['Any'], [], ALLOW, True, NULL, Default-Set, NULL, False, True, True, True, NULL, [[{'user': {'name': 'plesogor', 'type': 'User'}, 'date': '2022-06-10T04:32:36.000+0000', 'comment': ' Symantec Anti-Virus console and management consoles on admins workstations SA 6.22.18'}]]
252, DMZ1556_access_in_#22, DMZ1556, Any, any, TechGroup-WC_MIG, Any, Any, ['Any'], ['Any'], [], ALLOW, True, NULL, Default-Set, NULL, False, True, True, True, NULL, ['Not Applicable']
253, DMZ1556_access_in_#23, DMZ1556, Any, Database-Servers-WC_MIG;FC_ADServer-WC_MIG;FC_DatabaseServers_Content-WC_MIG;FC_DatabaseServers_User-WC_MIG, 10.1.101.191;Waltham_Central_DB_4.17.19-WC_MIG, Any, NetIQ-WC_MIG, ['Any'], ['Any'], [], ALLOW, True, NULL, Default-Set, NULL, False, True, True, True, NULL, ['Not Applicable']
254, DMZ1556_access_in_#24, DMZ1556, Any, 10.15.56.171;10.15.56.172;10.15.56.173;Database-Servers-WC_MIG;FC_ADServer-WC_MIG;FC_DatabaseServers_User-WC_MIG;FC_DatabaseServers_Content-WC_MIG;couchdb0402p;dtdb0102p;dtdb0202p;eddb0102p, NetIQSystems-WC_MIG, Any, NetIQ-WC_MIG, ['Any'], ['Any'], [], ALLOW, True, NULL, Default-Set, NULL, False, True, True, True, NULL, [[{'user': {'name': 'plesogor', 'type': 'User'}, 'date': '2022-06-10T04:32:36.000+0000', 'comment': ' NetIQ_10.12.16 - Edit 1.26.18 YA  3.30.18 & YA- 8.8.18 '}, {'user': {'name': 'plesogor', 'type': 'User'}, 'date': '2022-06-10T04:32:36.000+0000', 'comment': 'YA- 6.19.19'}]]
255, DMZ1556_access_in_#25, DMZ1556, Any, Database-Servers-WC_MIG;FC_ADServer-WC_MIG;FC_DatabaseServers_Content-WC_MIG;FC_DatabaseServers_User-WC_MIG, 10.1.101.192;Waltham_Central_DB_4.17.19-WC_MIG, Any, NetIQ-WC_MIG, ['Any'], ['Any'], [], ALLOW, True, NULL, Default-Set, NULL, False, True, True, True, NULL, ['Not Applicable']
256, DMZ1556_access_in_#26, DMZ1556, Any, Database-Servers-WC_MIG;FC_ADServer-WC_MIG;FC_DatabaseServers_Content-WC_MIG;FC_DatabaseServers_User-WC_MIG, 10.1.30.0/24, Any, NetIQ-WC_MIG, ['Any'], ['Any'], [], ALLOW, True, NULL, Default-Set, NULL, False, True, True, True, NULL, ['Not Applicable']
257, DMZ1556_access_in_#27, DMZ1556, Any, 10.15.56.0/24, Nagios_Servers, Any, obj_tcp_5567;obj_tcp_5666;obj_tcp_80;obj_tcp_22;obj_tcp_12489;obj_tcp_161, ['Any'], ['Any'], [], ALLOW, False, NULL, Default-Set, NULL, False, True, True, True, NULL, [[{'user': {'name': 'plesogor', 'type': 'User'}, 'date': '2022-06-10T04:32:36.000+0000', 'comment': ' For 1556 to Waltham Nagios'}]]
258, DMZ1556_access_in_#28, DMZ1556, Any, any, utd-dc01, Any, 123, ['Any'], ['Any'], [], ALLOW, True, NULL, Default-Set, NULL, False, True, True, True, NULL, ['Not Applicable']
259, DMZ1556_access_in_#29, DMZ1556, Any, FC_DAS-WC_MIG;FC_DatabaseServers_Content-WC_MIG;FC_DatabaseServers_User-WC_MIG;WCDBServers, utd-dc02, Any, 123, ['Any'], ['Any'], [], ALLOW, True, NULL, Default-Set, NULL, False, True, True, True, NULL, ['Not Applicable']
260, DMZ1556_access_in_#30, DMZ1556, Any, FC_DAS-WC_MIG;FC_DatabaseServers_Content-WC_MIG;FC_DatabaseServers_User-WC_MIG;WCDBServers, NTP_Servers, Any, 123, ['Any'], ['Any'], [], ALLOW, True, NULL, Default-Set, NULL, False, True, True, True, NULL, ['Not Applicable']
261, DMZ1556_access_in_#31, DMZ1556, Any, FC_DAS-WC_MIG;FC_DatabaseServers_Content-WC_MIG;FC_DatabaseServers_User-WC_MIG;WCDBServers, utd-dc01, Any, 123, ['Any'], ['Any'], [], ALLOW, True, NULL, Default-Set, NULL, False, True, True, True, NULL, ['Not Applicable']
262, DMZ1556_access_in_#32, DMZ1556, Any, 10.15.56.0/24, 10.1.101.193;Waltham_Central_DB_4.17.19-WC_MIG, Any, Cisco-LMS-UDP, ['Any'], ['Any'], [], ALLOW, True, NULL, Default-Set, NULL, False, True, True, True, NULL, ['Not Applicable']
263, DMZ1556_access_in_#33, DMZ1556, Any, 10.15.56.0/24, 10.1.101.193;Waltham_Central_DB_4.17.19-WC_MIG, Any, Cisco-LMS-TCP, ['Any'], ['Any'], [], ALLOW, True, NULL, Default-Set, NULL, False, True, True, True, NULL, ['Not Applicable']
264, DMZ1556_access_in_#34, DMZ1556, Any, FC_ADServer-WC_MIG;FC_DatabaseServers_Content-WC_MIG;FC_DatabaseServers_User-WC_MIG;WCDBServers, 10.1.101.166, Any, HP_Insight_3-WC_MIG, ['Any'], ['Any'], [], ALLOW, False, NULL, Default-Set, NULL, False, True, True, True, NULL, [[{'user': {'name': 'plesogor', 'type': 'User'}, 'date': '2022-06-10T04:32:37.000+0000', 'comment': ' For System Discovery reply back to Insight01p'}]]
265, DMZ1556_access_in_#35, DMZ1556, Any, FC_ADServer-WC_MIG;FC_DatabaseServers_Content-WC_MIG;FC_DatabaseServers_User-WC_MIG;WCDBServers, 10.1.101.166, Any, HP_Insight_4-WC_MIG, ['Any'], ['Any'], [], ALLOW, True, NULL, Default-Set, NULL, False, True, True, True, NULL, [[{'user': {'name': 'plesogor', 'type': 'User'}, 'date': '2022-06-10T04:32:37.000+0000', 'comment': ' For System Discovery reply back to Insight01p'}]]
266, DMZ1556_access_in_#36, DMZ1556, Any, Database-Servers-WC_MIG, WalthamDBServers-WC_MIG, Any, 61616, ['Any'], ['Any'], [], ALLOW, True, NULL, Default-Set, NULL, False, True, True, True, NULL, ['Not Applicable']
267, DMZ1556_access_in_#37, DMZ1556, Any, Database-Servers-WC_MIG, OracleGridServers, Any, DB_Replication, ['Any'], ['Any'], [], ALLOW, True, NULL, Default-Set, NULL, False, True, True, True, NULL, ['Not Applicable']
268, DMZ1556_access_in_#38, DMZ1556, Any, Database-Servers-WC_MIG, WalthamDBServers-WC_MIG, Any, 61617, ['Any'], ['Any'], [], ALLOW, True, NULL, Default-Set, NULL, False, True, True, True, NULL, ['Not Applicable']
269, DMZ1556_access_in_#39, DMZ1556, Any, 10.15.56.0/24, 10.20.56.0/24;10.25.56.0/24;10.30.56.0/24;10.20.200.0/24;10.35.56.0/24, Any, Any, ['Any'], ['Any'], [], ALLOW, True, NULL, Default-Set, NULL, False, True, True, True, NULL, ['Not Applicable']
270, DMZ1556_access_in_#40, DMZ1556, Any, FC_DatabaseServers_Content-WC_MIG;FC_DatabaseServers_User-WC_MIG, FC_WebServers_Bk-WC_MIG, Any, 1025-65535;1025-65535, ['Any'], ['Any'], [], ALLOW, True, NULL, Default-Set, NULL, False, True, True, True, NULL, ['Not Applicable']
271, DMZ1556_access_in_#41, DMZ1556, Any, FC_DatabaseServers_Content-WC_MIG;FC_DatabaseServers_User-WC_MIG, FC_WebServers_Bk-WC_MIG, Any, 21, ['Any'], ['Any'], [], ALLOW, True, NULL, Default-Set, NULL, False, True, True, True, NULL, [[{'user': {'name': 'plesogor', 'type': 'User'}, 'date': '2022-06-10T04:32:37.000+0000', 'comment': ' For FC ftp'}]]
272, DMZ1556_access_in_#42, DMZ1556, Any, Database-Servers-WC_MIG, 10.1.111.167, Any, 22, ['Any'], ['Any'], [], ALLOW, True, NULL, Default-Set, NULL, False, True, True, True, NULL, [[{'user': {'name': 'plesogor', 'type': 'User'}, 'date': '2022-06-10T04:32:37.000+0000', 'comment': ' SA 10.20.16'}]]
273, DMZ1556_access_in_#43, DMZ1556, Any, 10.15.56.0/24, 10.15.50.0/24;10.15.54.0/24, Any, 22, ['Any'], ['Any'], [], ALLOW, True, NULL, Default-Set, NULL, False, True, True, True, NULL, [[{'user': {'name': 'plesogor', 'type': 'User'}, 'date': '2022-06-10T04:32:37.000+0000', 'comment': ' ssh from 56 to 54 and 50'}]]
274, DMZ1556_access_in_#44, DMZ1556, Any, 10.15.56.0/24, Lexi_Networks, Any, Any, ['Any'], ['Any'], [], ALLOW, True, NULL, Default-Set, NULL, False, True, True, True, NULL, [[{'user': {'name': 'plesogor', 'type': 'User'}, 'date': '2022-06-10T04:32:37.000+0000', 'comment': ' Lexi'}]]
275, DMZ1556_access_in_#45, DMZ1556, Any, Lexi_1556, Lexi_1554, Any, obj_tcp_3306;obj_tcp_80;obj_tcp_443;obj_tcp_1521;obj_tcp_22, ['Any'], ['Any'], [], ALLOW, True, NULL, Default-Set, NULL, False, True, True, True, NULL, [[{'user': {'name': 'plesogor', 'type': 'User'}, 'date': '2022-06-10T04:32:37.000+0000', 'comment': ' Lexi'}]]
276, DMZ1556_access_in_#46, DMZ1556, Any, 10.15.56.0/24, SJ2AZURE, Any, Any, ['Any'], ['Any'], [], ALLOW, True, NULL, Default-Set, NULL, False, True, True, True, NULL, [[{'user': {'name': 'plesogor', 'type': 'User'}, 'date': '2022-06-10T04:32:37.000+0000', 'comment': ' SA 8.20.18 for Hudson DCC'}]]
277, DMZ1556_access_in_#47, DMZ1556, Any, Lexi_1556, Lexi_1554, Any, 123, ['Any'], ['Any'], [], ALLOW, True, NULL, Default-Set, NULL, False, True, True, True, NULL, [[{'user': {'name': 'plesogor', 'type': 'User'}, 'date': '2022-06-10T04:32:37.000+0000', 'comment': ' Lexi'}]]
278, DMZ1556_access_in_#48, DMZ1556, Any, Lexi_1556, 10.15.54.208;10.15.54.209, Any, 25, ['Any'], ['Any'], [], ALLOW, True, NULL, Default-Set, NULL, False, True, True, True, NULL, [[{'user': {'name': 'plesogor', 'type': 'User'}, 'date': '2022-06-10T04:32:37.000+0000', 'comment': ' Lexi'}]]
279, DMZ1556_access_in_#49, DMZ1556, Any, Lexi_1556, Lexi_Networks, Any, Lexi_Service_Group_1, ['Any'], ['Any'], [], ALLOW, True, NULL, Default-Set, NULL, False, True, True, True, NULL, [[{'user': {'name': 'plesogor', 'type': 'User'}, 'date': '2022-06-10T04:32:37.000+0000', 'comment': ' Lexi 1556 to Lexi HQ'}]]
280, DMZ1556_access_in_#50, DMZ1556, Any, Database-Servers-WC_MIG, 10.1.101.109;10.1.101.127;oramon01p, Any, obj_tcp_80;obj_tcp_443;obj_tcp_4903;obj_tcp_4904, ['Any'], ['Any'], [], ALLOW, True, NULL, Default-Set, NULL, False, True, True, True, NULL, [[{'user': {'name': 'plesogor', 'type': 'User'}, 'date': '2022-06-10T04:32:37.000+0000', 'comment': ' Oracle OEM JM'}]]
281, DMZ1556_access_in_#51, DMZ1556, Any, CML0102P_All, Compellent_Outbound_ToDell, Any, obj_tcp_443;obj_tcp_22;obj_tcp_8443, ['Any'], ['Any'], [], ALLOW, True, NULL, Default-Set, NULL, False, True, True, True, NULL, [[{'user': {'name': 'plesogor', 'type': 'User'}, 'date': '2022-06-10T04:32:37.000+0000', 'comment': ' ACDS - Compellent to Dell Outbound for managment SA 5.23.16'}]]
282, DMZ1556_access_in_#52, DMZ1556, Any, WCDBServers;osmaster0102p;osmaster0202p;vm0102p;vm0202p;vm0302p, 10.1.101.107, Any, OME_TCP-WC_MIG, ['Any'], ['Any'], [], ALLOW, True, NULL, Default-Set, NULL, False, True, True, True, NULL, [[{'user': {'name': 'plesogor', 'type': 'User'}, 'date': '2022-06-10T04:32:37.000+0000', 'comment': ' OME Rule SJ to Waltham TCP ports SA 11.16.16'}]]
283, DMZ1556_access_in_#53, DMZ1556, Any, WCDBServers;osmaster0102p;osmaster0202p;vm0102p;vm0202p;vm0302p, 10.1.101.107, Any, OME_UDP, ['Any'], ['Any'], [], ALLOW, True, NULL, Default-Set, NULL, False, True, True, True, NULL, [[{'user': {'name': 'plesogor', 'type': 'User'}, 'date': '2022-06-10T04:32:37.000+0000', 'comment': ' OME Rule SJ to Waltham UDP ports SA 11.16.16'}]]
284, DMZ1556_access_in_#54, DMZ1556, Any, WC_DAS, esrs01p, Any, EMC_Secure_Remote_Service_2, ['Any'], ['Any'], [], ALLOW, True, NULL, Default-Set, NULL, False, True, True, True, NULL, [[{'user': {'name': 'plesogor', 'type': 'User'}, 'date': '2022-06-10T04:32:37.000+0000', 'comment': ' Web Farm VNXs to EMC Secure Remote Services VM SA 4.27.17'}]]
285, DMZ1556_access_in_#55, DMZ1556, Any, ecdb0702p, Waltham_Central_DB_4.17.19-WC_MIG;oradb01p;oradb02p;oradb03p;oradb04p, Any, 31415-31418, ['Any'], ['Any'], [], ALLOW, True, NULL, Default-Set, NULL, False, True, True, True, NULL, [[{'user': {'name': 'plesogor', 'type': 'User'}, 'date': '2022-06-10T04:32:37.000+0000', 'comment': ' ACDS/Pathways DataHub YA 6.8.17'}]]
286, DMZ1556_access_in_#56, DMZ1556, Any, Atlassian_Servers_SJ_56;WCDBServers, Waltham_ELK_Servers, Any, obj_tcp_6379;obj_tcp_8200, ['Any'], ['Any'], [], ALLOW, True, NULL, Default-Set, NULL, False, True, True, True, NULL, [[{'user': {'name': 'plesogor', 'type': 'User'}, 'date': '2022-06-10T04:32:37.000+0000', 'comment': ' DB Servers to ELK Server Waltham SA 9.26.17'}]]
287, DMZ1556_access_in_#57, DMZ1556, Any, dtdb0102p;dtdb0202p;OBJ-10.15.56.165, dtapp0402p;dtapp0502p;OBJ-10.15.54.208, Any, 5432, ['Any'], ['Any'], [], ALLOW, True, NULL, Default-Set, NULL, False, True, True, True, NULL, [[{'user': {'name': 'plesogor', 'type': 'User'}, 'date': '2022-06-10T04:32:37.000+0000', 'comment': ' Y.A 8.8.18 for postgres and the app servers to get added to netiq monitoring.'}]]
288, DMZ1556_access_in_#58, DMZ1556, Any, dtdb0202p;OBJ-10.15.56.165, dtapp_servers-WC_MIG, Any, 5433-5435, ['Any'], ['Any'], [], ALLOW, True, NULL, Default-Set, NULL, False, True, True, True, NULL, [[{'user': {'name': 'plesogor', 'type': 'User'}, 'date': '2022-06-10T04:32:37.000+0000', 'comment': ' PostgreSQL App to DB Communication on new ports FT 07.09.2019'}]]
289, DMZ1556_access_in_#59, DMZ1556, Any, 10.15.56.0/24, McAfee_Update_Srvs, Any, 443, ['Any'], ['Any'], [], ALLOW, True, NULL, Default-Set, NULL, False, True, True, True, NULL, [[{'user': {'name': 'plesogor', 'type': 'User'}, 'date': '2022-06-10T04:32:37.000+0000', 'comment': ' McAfee_Update_Srvs SA 9.11.19'}]]
290, DMZ1556_access_in_#60, DMZ1556, Any, vm0102p;vm0202p;vm0302p, osesx0102p;osesx0202p, Any, obj_tcp_8000;obj_tcp_902, ['Any'], ['Any'], [], ALLOW, True, NULL, Default-Set, NULL, False, True, True, True, NULL, [[{'user': {'name': 'plesogor', 'type': 'User'}, 'date': '2022-06-10T04:32:37.000+0000', 'comment': ' VMWare vmotion to move VM between SJ clusters -Temp - SA 2.25.20'}]]
291, DMZ1556_access_in_#61, DMZ1556, Any, 10.15.56.0/24, Zabbix_SJ, Any, Zabbix, ['Any'], ['Any'], [], ALLOW, True, NULL, Default-Set, NULL, False, True, True, True, NULL, [[{'user': {'name': 'plesogor', 'type': 'User'}, 'date': '2022-06-10T04:32:37.000+0000', 'comment': ' Zabbix SJ 56 to 54 SA 5.18.20'}]]
292, DMZ1556_access_in_#62, DMZ1556, Any, 10.15.56.0/24, awsmtp0102p, Any, obj_tcp_587;obj_tcp_25, ['Any'], ['Any'], [], ALLOW, True, NULL, Default-Set, NULL, False, True, True, True, NULL, [[{'user': {'name': 'plesogor', 'type': 'User'}, 'date': '2022-06-10T04:32:37.000+0000', 'comment': ' DMZ56 smtp to internal postfix server'}]]
293, DMZ1556_access_in_#63, DMZ1556, Any, 10.15.56.0/24, any, Any, SJ-SMTP, ['Any'], ['Any'], [], ALLOW, True, NULL, Default-Set, NULL, False, True, True, True, NULL, [[{'user': {'name': 'plesogor', 'type': 'User'}, 'date': '2022-06-10T04:32:37.000+0000', 'comment': ' SJ SMTP out  SA 6.15.20'}]]
294, DMZ1556_access_in_#64, DMZ1556, Any, 10.15.56.0/24, EC-DMZ2064, Any, Any, ['Any'], ['Any'], [], ALLOW, True, NULL, Default-Set, NULL, False, True, True, True, NULL, ['Not Applicable']
295, DMZ1556_access_in_#65, DMZ1556, Any, OBJ-10.15.56.0, rapid7-consoles, Any, 443, ['Any'], ['Any'], [], ALLOW, True, NULL, Default-Set, NULL, False, True, True, True, NULL, [[{'user': {'name': 'plesogor', 'type': 'User'}, 'date': '2022-06-10T04:32:37.000+0000', 'comment': ' Rapid7 Agent Deploymnet in response to logj remediation'}]]
296, DMZ1556_access_in_#66, DMZ1556, Any, 10.15.56.0/24, ome02p, Any, OME_UDP, ['Any'], ['Any'], [], ALLOW, True, NULL, Default-Set, NULL, False, True, True, True, NULL, [[{'user': {'name': 'plesogor', 'type': 'User'}, 'date': '2022-06-10T04:32:37.000+0000', 'comment': ' allow snmp traps to Dell OME server for monitoring Y.A 01.05.22'}]]
297, DMZ1556_access_in_#67, DMZ1556, Any, OBJ-10.15.56.165, OBJ-10.15.54.208, Any, Any, ['Any'], ['Any'], [], ALLOW, True, NULL, Default-Set, NULL, True, True, True, True, NULL, ['Not Applicable']
298, DMZ1556_access_in_#68, DMZ1556, Any, OBJ-10.15.56.194, OBJ-10.15.54.212;OBJ-10.15.54.213;OBJ-10.15.54.211;OBJ-10.15.54.214, PortLiteral;PortLiteral;PortLiteral, Any, ['Any'], ['Any'], [], ALLOW, True, NULL, Default-Set, NULL, True, True, True, True, NULL, ['Not Applicable']
299, outside_mng_in_#1, outside_mng, Any, 10.15.48.0/24, OBJ-RFC1918, Any, Any, ['Any'], ['Any'], [], ALLOW, True, NULL, Default-Set, NULL, False, True, True, True, NULL, ['Not Applicable']
300, DMZ1554_access_in_#59, DMZ1554, Any, 10.15.54.0/24, any, Any, 123, ['Any'], ['Any'], [], ALLOW, True, NULL, Default-Set, NULL, False, True, True, True, NULL, [[{'user': {'name': 'plesogor', 'type': 'User'}, 'date': '2022-06-10T04:32:36.000+0000', 'comment': ' vlan 2054 out to INET NTP'}]]
301, DMZ1554_access_in_#113, Any, Any, ecapp0502p, IRTEST01Q, Any, 8443;9309, ['Any'], ['Any'], [], ALLOW, True, NULL, Default-Set, NULL, False, False, False, False, NULL, ['Not Applicable']
